id,langId,categoryId,word,meaning,ruby,posId,pos_name,,
1,2,1,茶,お茶,chá,3,名,,
2,2,1,家,家、家庭,jiā,3,名,,max_id
3,2,1,水,水,shuǐ,3,名,,2949
4,2,1,米饭,ごはん(米の),mǐfàn,3,名,,id num
5,2,1,商店,商店,shāngdiàn,3,名,,2949
6,2,1,衣服,服,yīfu,3,名,,unique id num
7,2,1,椅子,椅子,yǐzi,3,名,,2949
8,2,1,钱,お金,qián,3,名,,
9,2,1,杯子,コップ、さかずき,bēizi,3,名,,
10,2,1,飞机,飛行機,fēijī,3,名,,
11,2,1,医院,病院,yīyuàn,3,名,,
12,2,1,菜,料理、おかず,cài,3,名,,
13,2,1,电视,テレビ,diànshì,3,名,,
14,2,1,电影,映画,diànyǐng,3,名,,
15,2,1,东西,品物,dōngxi,3,名,,
16,2,1,饭馆,レストラン,fànguǎn,3,名,,
17,2,1,苹果,りんご,píngguǒ,3,名,,
18,2,1,医生,医師(文語),yīshēng,3,名,,
19,2,1,桌子,机、テーブル,zhuōzi,3,名,,
20,2,1,出租车,タクシー,chūzūchē,3,名,,
21,2,1,火车站,鉄道の駅,huǒchēzhàn,3,名,,
22,2,1,电脑,パソコン,diànnǎo,3,名,,
23,2,1,会,会合、集まり,huì,3,名,,
24,2,1,人,人,rén,3,名,,
25,2,1,老师,先生(師事する),lǎoshī,3,名,,
26,2,1,女儿,娘、女の子,nǚér,3,名,,
27,2,1,朋友,友人,péngyou,3,名,,
28,2,1,同学,学友,tóngxué,3,名,,
29,2,1,爸爸,お父さん,bàba,3,名,,
30,2,1,儿子,息子,érzi,3,名,,
31,2,1,妈妈,お母さん,māma,3,名,,
32,2,1,名字,名前,míngzi,3,名,,
33,2,1,先生,男性に対する敬称(...さん),xiānsheng,3,名,,
34,2,1,小姐,未婚女性への呼びかけ、敬称(英語のMiss...),xiǎojie,3,名,,
35,2,1,字,字,zì,3,名,,
36,2,1,学生,学生,xuésheng,3,名,,
37,2,1,学校,学校,xuéxiào,3,名,,
38,2,1,汉语,中国語,Hànyǔ,3,名,,
39,2,1,书,本、書籍,shū,3,名,,
40,2,1,猫,猫,māo,3,名,,
41,2,1,天气,天気,tiānqì,3,名,,
42,2,1,日,太陽、日,rì,3,名,,
43,2,1,狗,犬,gǒu,3,名,,
44,2,1,下,下,xià,3,名,,
45,2,1,北京,北京,Běijīng,5,名固,,
46,2,1,前面,前、前方,qiánmiàn,3,名,,
47,2,1,中国,中国,Zhōngguó,5,名固,,
48,2,1,里,中、内部、範囲を表す,lǐ,3,名,,
49,2,1,年,年,nián,3,名,,
50,2,1,月,...月(日付),yuè,3,名,,
51,2,1,现在,現在、今,xiànzài,3,名,,
52,2,1,分钟,...分間,fēnzhōng,3,名,,
53,2,1,今天,今日,jīntiān,3,名,,
54,2,1,明天,明日,míngtiān,3,名,,
55,2,1,上午,午前,shàngwǔ,3,名,,
56,2,1,时候,時刻、時,shíhou,3,名,,
57,2,1,下午,午後,xiàwǔ,3,名,,
58,2,1,星期,週間、曜日1,xīngqī,3,名,,
59,2,1,中午,正午、昼,zhōngwǔ,3,名,,
60,2,1,昨天,昨日,zuótiān,3,名,,
61,2,1,你,あなた,nǐ,4,代,,
62,2,1,他,彼,tā,4,代,,
63,2,1,她,彼女,tā,4,代,,
64,2,1,我,私,wǒ,4,代,,
65,2,1,我们,私たち(聞き手を含めず),wǒmen,4,代,,
66,2,1,哪儿,どこ、どこの,nǎr,4,代,,
67,2,1,那儿,あそこ、そこ,nàr,4,代,,
68,2,1,这儿,ここ,zhèr,4,代,,
69,2,1,谁,誰(の)、誰か,shéi,4,代,,
70,2,1,哪,どの、どれか,nǎ,4,代,,
71,2,1,那,あの、その、あれ、それ,nà,4,代,,
72,2,1,这,この、これ,zhè,4,代,,
73,2,1,多少,いくら(数量を問う)、いくらか(不定の数量),duōshǎo,4,代,,
74,2,1,什么,何、どんな,shénme,4,代,,
75,2,1,怎么,どう、なぜ,zěnme,4,代,,
76,2,1,怎么样,どんな(性質)、どう(方法)、どうですか?(状況、意,zěnmeyàng,4,代,,
77,2,1,八,八,bā,9,数,,
78,2,1,二,二(単独で),èr,9,数,,
79,2,1,九,九,jiǔ,9,数,,
80,2,1,零,ゼロ、数の空位,líng,9,数,,
81,2,1,六,六,liù,9,数,,
82,2,1,七,七,qī,9,数,,
83,2,1,三,三,sān,9,数,,
84,2,1,十,十,shí,9,数,,
85,2,1,四,四,sì,9,数,,
86,2,1,五,五,wǔ,9,数,,
87,2,1,一,一,yī,9,数,,
88,2,1,本,...冊(書籍・ノートを数える),běn,12,量,,
89,2,1,点,...時,diǎn,12,量,,
90,2,1,个,...個(広く色々な名詞に用いる),gè,12,量,,
91,2,1,回,...回,huí,12,量,,
92,2,1,块,通貨の単位、元(口語),kuài,12,量,,
93,2,1,些,いくらかの(不定の量),xiē,12,量,,
94,2,1,岁,...歳,suì,12,量,,
95,2,1,开,開く,kāi,1,動,,
96,2,1,来,来る,lái,1,動,,
97,2,1,叫,叫ぶ、...と呼ぶ,jiào,1,動,,
98,2,1,坐,坐る,zuò,1,動,,
99,2,1,看见,見える、目に入る,kànjiàn,1,動,,
100,2,1,吃,食べる,chī,1,動,,
101,2,1,喝,飲む,hē,1,動,,
102,2,1,去,行く,qù,1,動,,
103,2,1,听,聞く,tīng,1,動,,
104,2,1,爱,愛する、(行い、状態を)好む,ài,1,動,,
105,2,1,想,(...と)思う、考える、懐かしむ,xiǎng,1,動,,
106,2,1,喜欢,喜ぶ、好む,xǐhuan,1,動,,
107,2,1,买,買う,mǎi,1,動,,
108,2,1,有,いる、ある、待つ,yǒu,1,動,,
109,2,1,住,住む、止む、止まる,zhù,1,動,,
110,2,1,在,存在する、(...に)ある,zài,1,動,,
111,2,1,是,...だ、...である,shì,1,動,,
112,2,1,睡觉,眠る,shuìjiào,1,動,,
113,2,1,请,お願いする、招待する,qǐng,1,動,,
114,2,1,认识,見知っている,rènshi,1,動,,
115,2,1,学习,学習する,xuéxí,1,動,,
116,2,1,读,音読する、(学校で)勉強する,dú,1,動,,
117,2,1,写,書く,xiě,1,動,,
118,2,1,做,作る、(仕事などを)する,zuò,1,動,,
119,2,1,工作,仕事をする,gōngzuò,1,動,,
120,2,1,说话,話す,shuōhuà,1,動,,
121,2,1,下雨,雨が降る,xiàyǔ,1,動,,
122,2,1,打电话,電話をかける,dǎdiànhuà,1,動,,
123,2,1,能,...できる(能力がある)、...が起こりうる、...してもよい,néng,10,能,,
124,2,1,大,大きい、年長である,dà,2,形,,
125,2,1,多,多い,duō,2,形,,
126,2,1,热,熱い、暑い,rè,2,形,,
127,2,1,少,少ない,shǎo,2,形,,
128,2,1,小,小さい、年少である,xiǎo,2,形,,
129,2,1,好,よい、申し分ない,hǎo,2,形,,
130,2,1,冷,寒い、冷たい,lěng,2,形,,
131,2,1,高兴,うれしい,gāoxìng,2,形,,
132,2,1,漂亮,きれいである(見た目が)、見事である,piàoliang,2,形,,
133,2,1,很,たいへん、とても,hěn,6,副,,
134,2,1,太,あまりに...すぎる、きわめて,tài,6,副,,
135,2,1,都,みな、すべて,dōu,6,副,,
136,2,1,不,いいえ、...しない、...ではない,bù,6,副,,
137,2,1,没,...しなかった、まだ...していない、まだ...でない,méi,6,副,,
138,2,1,和,...と,hé,13,介,,
139,2,1,谢谢,ありがとう,xièxie,100,他,,
140,2,1,再见,さようなら,zàijiàn,100,他,,
141,2,1,不客气,どういたしまして,búkèqi,100,他,,
142,2,1,对不起,すみません,duìbuqǐ,100,他,,
143,2,1,没关系,かまいません、問題ないです,méiguānxi,100,他,,
144,2,1,吗,感嘆詞(文末、疑問の語気),ma,8,感,,
145,2,1,呢,感嘆詞(文末、疑問・確認),ne,8,感,,
146,2,1,喂,感嘆詞(呼びかけ、もしもし),wèi,8,感,,
147,2,1,的,助詞(連体修飾・所有),de,14,助,,
148,2,1,了,助詞(動作の完了・実現),le,14,助,,
149,2,2,船,船,chuán,3,名,,
150,2,2,路,道路,lù,3,名,,
151,2,2,门,門,mén,3,名,,
152,2,2,身体,身体,shēntǐ,3,名,,
153,2,2,西瓜,すいか,xīguā,3,名,,
154,2,2,羊肉,羊肉,yángròu,3,名,,
155,2,2,咖啡,コーヒー,kāfēi,3,名,,
156,2,2,自行车,自転車,zìxíngchē,3,名,,
157,2,2,票,切符,piào,3,名,,
158,2,2,药,薬,yào,3,名,,
159,2,2,报纸,新聞,bàozhǐ,3,名,,
160,2,2,房间,部屋,fángjiān,3,名,,
161,2,2,机场,空港,jīchǎng,3,名,,
162,2,2,鸡蛋,鶏卵,jīdàn,3,名,,
163,2,2,牛奶,牛乳,niúnǎi,3,名,,
164,2,2,手表,腕時計,shǒubiǎo,3,名,,
165,2,2,手机,携帯電話,shǒujī,3,名,,
166,2,2,水果,果物,shuǐguǒ,3,名,,
167,2,2,眼睛,目,yǎnjing,3,名,,
168,2,2,公共汽车,バス,gōnggòngqìchē,3,名,,
169,2,2,公司,会社,gōngsī,3,名,,
170,2,2,弟弟,弟,dìdi,3,名,,
171,2,2,妹妹,妹,mèimei,3,名,,
172,2,2,男人,男性、夫,nánrén,3,名,,
173,2,2,女人,女性、妻,nǚrén,3,名,,
174,2,2,妻子,妻、妻子,qīzi,3,名,,
175,2,2,生日,誕生日,shēngrì,3,名,,
176,2,2,服务员,従業員(ホテルやレストランの),fúwùyuán,3,名,,
177,2,2,哥哥,お兄さん、兄,gēge,3,名,,
178,2,2,孩子,子供,háizi,3,名,,
179,2,2,姐姐,お姉さん、姉,jiějie,3,名,,
180,2,2,丈夫,夫、主人,zhàngfu,3,名,,
181,2,2,题,題,tí,3,名,,
182,2,2,教室,教室,jiàoshì,3,名,,
183,2,2,问题,問題,wèntí,3,名,,
184,2,2,课,授業,kè,3,名,,
185,2,2,颜色,色,yánsè,3,名,,
186,2,2,意思,意味,yìsi,3,名,,
187,2,2,雪,雪,xuě,3,名,,
188,2,2,鱼,魚,yú,3,名,,
189,2,2,外,外,wài,3,名,,
190,2,2,旁边,かたわら、そば,pángbiān,3,名,,
191,2,2,右边,右(の方),yòubian,3,名,,
192,2,2,左边,左(の方),zuǒbian,3,名,,
193,2,2,去年,去年、昨年,qùnián,3,名,,
194,2,2,时间,時間、時刻,shíjiān,3,名,,
195,2,2,号,...日(日付),hào,3,名,,
196,2,2,晚上,晩、夜,wǎnshang,3,名,,
197,2,2,小时,時間,xiǎoshí,3,名,,
198,2,2,早上,朝,zǎoshang,3,名,,
199,2,2,您,あなた(敬称),nín,4,代,,
200,2,2,它,それ、あれ,tā,4,代,,
201,2,2,大家,みんな,dàjiā,4,代,,
202,2,2,每,ひとつひとつ、...ごとに,měi,4,代,,
203,2,2,为什么,なぜ、どうして,wèishénme,4,代,,
204,2,2,百,百,bǎi,9,数,,
205,2,2,千,千,qiān,9,数,,
206,2,2,第一,第一の,dìyī,9,数,,
207,2,2,两,二(量詞・位数詞の前で),liǎng,9,数,,
208,2,2,次,...回,cì,12,量,,
209,2,2,对,...対(対になった物を数える),duì,12,量,,
210,2,2,件,...枚、...件(服、事柄を数える),jiàn,12,量,,
211,2,2,张,...張り(薄くて平らな面をもつものを数える),zhāng,12,量,,
212,2,2,公斤,...キログラム,gōngjīn,12,量,,
213,2,2,出,出る、出す,chū,1,動,,
214,2,2,笑,笑う,xiào,1,動,,
215,2,2,到,至る、着く,dào,1,動,,
216,2,2,进,(ある場所に)入る、前へ進む,jìn,1,動,,
217,2,2,找,さがす,zhǎo,1,動,,
218,2,2,走,歩く、移動する,zǒu,1,動,,
219,2,2,希望,希望する,xīwàng,1,動,,
220,2,2,觉得,感じる、思う,juéde,1,動,,
221,2,2,过,通過する、過ごす,guò,1,動,,
222,2,2,卖,売る,mài,1,動,,
223,2,2,洗,洗う,xǐ,1,動,,
224,2,2,起床,起床する,qǐchuáng,1,動,,
225,2,2,给,あげる,gěi,1,動,,
226,2,2,穿,(衣服を)着る、通り抜ける,chuān,1,動,,
227,2,2,让,譲る、...させる、...される,ràng,1,動,,
228,2,2,姓,(...という)姓である,xìng,1,動,,
229,2,2,欢迎,歓迎する,huānyíng,1,動,,
230,2,2,休息,休憩する,xiūxi,1,動,,
231,2,2,运动,運動する,yùndòng,1,動,,
232,2,2,送,送り届ける、贈る、(人を)見送る,sòng,1,動,,
233,2,2,告诉,伝える、話す、教える,gàosu,1,動,,
234,2,2,介绍,紹介する、説明する,jièshào,1,動,,
235,2,2,等,待つ,děng,1,動,,
236,2,2,玩,遊ぶ、もてあそぶ,wán,1,動,,
237,2,2,帮助,助ける、援助する,bāngzhù,1,動,,
238,2,2,旅游,観光旅行(をする),lǚyóu,1,動,,
239,2,2,跑步,ジョギングをする,pǎobù,1,動,,
240,2,2,上班,出勤する,shàngbān,1,動,,
241,2,2,跳舞,ダンスをする,tiàowǔ,1,動,,
242,2,2,游泳,水泳する,yóuyǒng,1,動,,
243,2,2,问,質問する、尋ねる,wèn,1,動,,
244,2,2,回答,回答する、答える,huídá,1,動,,
245,2,2,开始,開始する,kāishǐ,1,動,,
246,2,2,准备,準備する、...するつもりだ,zhǔnbèi,1,動,,
247,2,2,完,仕上げる、尽きる,wán,1,動,,
248,2,2,懂,わかる、理解している,dǒng,1,動,,
249,2,2,考试,試験をする,kǎoshì,1,動,,
250,2,2,唱歌,歌をうたう,chànggē,1,動,,
251,2,2,生病,病気になる,shēngbìng,1,動,,
252,2,2,打篮球,バスケットボールをする,dǎlánqiú,1,動,,
253,2,2,踢足球,サッカーをする,tīzúqiú,1,動,,
254,2,2,要,...するつもりである、...する必要がある,yào,10,能,,
255,2,2,可能,おそらく、...かもしれない,kěnéng,10,能,,
256,2,2,可以,...できる(客観的な条件で許されている),kěyǐ,10,能,,
257,2,2,白,白い,bái,2,形,,
258,2,2,长,長い、長さ、長所,cháng,2,形,,
259,2,2,高,高い(高さが),gāo,2,形,,
260,2,2,黑,黒い,hēi,2,形,,
261,2,2,忙,忙しい、急いでいる,máng,2,形,,
262,2,2,晴,晴れている,qíng,2,形,,
263,2,2,新,新しい,xīn,2,形,,
264,2,2,圆,丸い,yuán,2,形,,
265,2,2,远,遠い,yuǎn,2,形,,
266,2,2,红,赤い,hóng,2,形,,
267,2,2,慢,遅い(動作が),màn,2,形,,
268,2,2,阴,曇っている,yīn,2,形,,
269,2,2,快乐,楽しい,kuàilè,2,形,,
270,2,2,错,誤っている,cuò,2,形,,
271,2,2,贵,高い(値段が),guì,2,形,,
272,2,2,快,速い(速度が),kuài,2,形,,
273,2,2,好吃,おいしい,hǎochī,2,形,,
274,2,2,便宜,安い(値段が),piányi,2,形,,
275,2,2,还,まだ、やはり、なお,hái,6,副,,
276,2,2,最,最も、一番,zuì,6,副,,
277,2,2,非常,非常に、とても、たいへん,fēicháng,6,副,,
278,2,2,一起,いっしょに,yìqǐ,6,副,,
279,2,2,再,再び、さらに、もっと,zài,6,副,,
280,2,2,也,...もまた、たとえ...でも、...でさえも,yě,6,副,,
281,2,2,就,すぐ、じきに,jiù,6,副,,
282,2,2,马上,すぐさま、ただちに,mǎshàng,6,副,,
283,2,2,已经,すでに,yǐjīng,6,副,,
284,2,2,正在,ちょうど...している,zhèngzài,6,副,,
285,2,2,别,...してはいけない,bié,6,副,,
286,2,2,真,じつに、確かに,zhēn,6,副,,
287,2,2,所以,だから、ゆえに,suǒyǐ,7,接,,
288,2,2,因为,...なので,yīnwèi,7,接,,
289,2,2,但是,しかし、ただし,dànshì,7,接,,
290,2,2,比,...と比べて,bǐ,13,介,,
291,2,2,对,...に対して、...に向かって,duì,13,介,,
292,2,2,离,...から(二点間の隔たり),lí,13,介,,
293,2,2,吧,感嘆詞(語気をやわらげる),ba,8,感,,
294,2,2,得,用言につけて結果補語を導く。...できる、...してよい,de,14,助,,
295,2,2,着,助詞(動作の持続・進行),zhe,14,助,,
296,2,3,地,土地、地面,de,3,名,,
297,2,3,灯,明かり,dēng,3,名,,
298,2,3,口,口,kǒu,3,名,,
299,2,3,楼,建物,lóu,3,名,,
300,2,3,伞,傘,sǎn,3,名,,
301,2,3,碗,椀、茶碗,wǎn,3,名,,
302,2,3,地图,地図,dìtú,3,名,,
303,2,3,公园,公園,gōngyuán,3,名,,
304,2,3,果汁,果汁、フルーツジュース,guǒzhī,3,名,,
305,2,3,花园,庭、花園,huāyuán,3,名,,
306,2,3,健康,健康,jiànkāng,3,名,,
307,2,3,街道,大通り、街路,jiēdào,3,名,,
308,2,3,客人,客、乗客,kèrén,3,名,,
309,2,3,空调,空調、エアコン,kōngtiáo,3,名,,
310,2,3,帽子,帽子,màozi,3,名,,
311,2,3,葡萄,葡萄,pútao,3,名,,
312,2,3,头发,髪の毛,tóufa,3,名,,
313,2,3,眼镜,めがね,yǎnjìng,3,名,,
314,2,3,银行,銀行,yínháng,3,名,,
315,2,3,图书馆,図書館,túshūguǎn,3,名,,
316,2,3,脚,足(くるぶし...爪先),jiǎo,3,名,,
317,2,3,糖,砂糖、あめ,táng,3,名,,
318,2,3,腿,足(つけ根...くるぶし),tuǐ,3,名,,
319,2,3,鼻子,鼻,bízi,3,名,,
320,2,3,厨房,台所,chúfáng,3,名,,
321,2,3,耳朵,耳,ěrduo,3,名,,
322,2,3,电子邮件,電子メール,diànzǐyóujiàn,3,名,,
323,2,3,脸,顔,liǎn,3,名,,
324,2,3,鞋,靴,xié,3,名,,
325,2,3,信,手紙,xìn,3,名,,
326,2,3,宾馆,ホテル,bīnguǎn,3,名,,
327,2,3,冰箱,冷蔵庫,bīngxiāng,3,名,,
328,2,3,菜单,メニュー、お品書き,càidān,3,名,,
329,2,3,超市,スーパーマーケット,chāoshì,3,名,,
330,2,3,衬衫,ブラウス、シャツ,chènshān,3,名,,
331,2,3,蛋糕,ケーキ、カステラ,dàngāo,3,名,,
332,2,3,地方,場所、ところ、部分,dìfang,3,名,,
333,2,3,地铁,地下鉄,dìtiě,3,名,,
334,2,3,节目,番組、プログラム,jiémù,3,名,,
335,2,3,裤子,ズボン,kùzi,3,名,,
336,2,3,筷子,箸,kuàizi,3,名,,
337,2,3,面包,パン,miànbāo,3,名,,
338,2,3,面条,麺類,miàntiáo,3,名,,
339,2,3,盘子,大きな皿,pánzi,3,名,,
340,2,3,啤酒,ビール,píjiǔ,3,名,,
341,2,3,裙子,スカート,qúnzi,3,名,,
342,2,3,香蕉,バナナ,xiāngjiāo,3,名,,
343,2,3,新闻,ニュース,xīnwén,3,名,,
344,2,3,照片,写真,zhàopiàn,3,名,,
345,2,3,洗手间,お手洗い、トイレ,xǐshǒujiān,3,名,,
346,2,3,行李箱,トランク(車の),xínglixiāng,3,名,,
347,2,3,照相机,カメラ,zhàoxiàngjī,3,名,,
348,2,3,国家,国家,guójiā,3,名,,
349,2,3,会议,会議,huìyì,3,名,,
350,2,3,机会,機会,jīhuì,3,名,,
351,2,3,世界,世界,shìjiè,3,名,,
352,2,3,作用,作用、役割、働き;作用する,zuòyòng,3,名,,
353,2,3,经理,社長、経営者;経営する、管理する,jīnglǐ,3,名,,
354,2,3,办法,方法、やりかた,bànfǎ,3,名,,
355,2,3,城市,都会、都市,chéngshì,3,名,,
356,2,3,电梯,エレベーター,diàntī,3,名,,
357,2,3,护照,パスポート,hùzhào,3,名,,
358,2,3,水平,水準、レベル,shuǐpíng,3,名,,
359,2,3,办公室,事務室,bàngōngshì,3,名,,
360,2,3,关系,関係,guānxì,3,名,,
361,2,3,习惯,習慣,xíguàn,3,名,,
362,2,3,礼物,贈り物,lǐwù,3,名,,
363,2,3,叔叔,おじさん、父親の弟,shūshu,3,名,,
364,2,3,阿姨,おばさん、母の姉妹,āyí,3,名,,
365,2,3,节日,記念日、祝日,jiérì,3,名,,
366,2,3,邻居,隣近所の人,línjū,3,名,,
367,2,3,奶奶,祖母(父方の),nǎinai,3,名,,
368,2,3,司机,運転手,sījī,3,名,,
369,2,3,同事,同僚,tóngshì,3,名,,
370,2,3,爷爷,祖父(父方の),yéye,3,名,,
371,2,3,成绩,成績,chéngjì,3,名,,
372,2,3,黑板,黒板,hēibǎn,3,名,,
373,2,3,历史,歴史,lìshǐ,3,名,,
374,2,3,铅笔,鉛筆,qiānbǐ,3,名,,
375,2,3,数学,数学,shùxué,3,名,,
376,2,3,体育,体育,tǐyù,3,名,,
377,2,3,文化,文化,wénhuà,3,名,,
378,2,3,校长,校長、学長,xiàozhǎng,3,名,,
379,2,3,兴趣,興味、趣味,xìngqu,3,名,,
380,2,3,音乐,音楽,yīnyuè,3,名,,
381,2,3,游戏,遊び,yóuxì,3,名,,
382,2,3,字典,字典、辞書,zìdiǎn,3,名,,
383,2,3,爱好,趣味、好み,àihào,3,名,,
384,2,3,声音,声、音,shēngyīn,3,名,,
385,2,3,班,クラス,bān,3,名,,
386,2,3,词语,字句、語句,cíyǔ,3,名,,
387,2,3,句子,文,jùzi,3,名,,
388,2,3,年级,学年,niánjí,3,名,,
389,2,3,作业,宿題,zuòyè,3,名,,
390,2,3,普通话,標準語(中国の),pǔtōnghuà,3,名,,
391,2,3,草,草,cǎo,3,名,,
392,2,3,春,春,chūn,3,名,,
393,2,3,冬,冬,dōng,3,名,,
394,2,3,河,川,hé,3,名,,
395,2,3,花,花,huā,3,名,,
396,2,3,马,馬,mǎ,3,名,,
397,2,3,鸟,鳥,niǎo,3,名,,
398,2,3,秋,秋,qiū,3,名,,
399,2,3,树,樹木、木,shù,3,名,,
400,2,3,夏,夏,xià,3,名,,
401,2,3,云,雲,yún,3,名,,
402,2,3,种,種、種子,zhǒng,3,名,,
403,2,3,动物,動物,dòngwù,3,名,,
404,2,3,环境,環境,huánjìng,3,名,,
405,2,3,太阳,太陽,tàiyáng,3,名,,
406,2,3,熊猫,パンダ,xióngmāo,3,名,,
407,2,3,月亮,月(天体の),yuèliang,3,名,,
408,2,3,东,東,dōng,3,名,,
409,2,3,南,南,nán,3,名,,
410,2,3,西,西,xī,3,名,,
411,2,3,北方,北方,běifāng,3,名,,
412,2,3,附近,近所、付近7,fùjìn,3,名,,
413,2,3,中间,中間、あいだ,zhōngjiān,3,名,,
414,2,3,过去,過去,guòqu,3,名,,
415,2,3,季节,季節、シーズン,jìjié,3,名,,
416,2,3,以前,以前、昔,yǐqián,3,名,,
417,2,3,最近,最近、近頃,zuìjìn,3,名,,
418,2,3,以后,その後、今後,yǐhòu,3,名,,
419,2,3,周末,週末、ウィークエンド,zhōumò,3,名,,
420,2,3,刚才,つい先ほど、たったいま,gāngcái,3,名,,
421,2,3,自己,自分,zìjǐ,4,代,,
422,2,3,其他,その他(の),qítā,4,代,,
423,2,3,几,いくつ(数を尋ねる)、いくつかの(不定の数),jǐ,4,代,,
424,2,3,半,半分、2分の1,bàn,9,数,,
425,2,3,万,万,wàn,9,数,,
426,2,3,把,...把(取っ手、柄のあるものを数える),bǎ,12,量,,
427,2,3,包,...包み(包んだ物を数える),bāo,12,量,,
428,2,3,层,...枚(重なった物を数える),céng,12,量,,
429,2,3,段,...区切り(一定の距離や時間の長さを数える),duàn,12,量,,
430,2,3,分,...分,fēn,12,量,,
431,2,3,角,通貨の単位、角,jiǎo,12,量,,
432,2,3,刻,...刻(15分),kè,12,量,,
433,2,3,辆,...両(車両を数える),liàng,12,量,,
434,2,3,米,...メートル,mǐ,12,量,,
435,2,3,双,...双(ペアを数える),shuāng,12,量,,
436,2,3,条,...本(細長く、曲がることのある物を数える),tiáo,12,量,,
437,2,3,位,...人(人を数える),wèi,12,量,,
438,2,3,带,帯びる、身につける、連れる,dài,1,動,,
439,2,3,搬,運ぶ、引っ越しする,bān,1,動,,
440,2,3,讲,話す、言う、説明する,jiǎng,1,動,,
441,2,3,看,見る、読む、訪問する、診察する、...と思う,kàn,1,動,,
442,2,3,哭,泣く,kū,1,動,,
443,2,3,骑,乗る(またがって),qí,1,動,,
444,2,3,用,使う、用いる,yòng,1,動,,
445,2,3,长,成長する、年長の、(組織の)長,zhǎng,1,動,,
446,2,3,见面,会う,jiànmiàn,1,動,,
447,2,3,放,置く、放す,fàng,1,動,,
448,2,3,关,閉める,guān,1,動,,
449,2,3,接,つなぐ、(手紙や電話を)受け取る、迎える,jiē,1,動,,
450,2,3,拿,手に取る,ná,1,動,,
451,2,3,站,立つ、止まる,zhàn,1,動,,
452,2,3,离开,離れる、別れる,líkāi,1,動,,
453,2,3,刷牙,歯を磨く,shuāyá,1,動,,
454,2,3,比较,比較する,bǐjiào,1,動,,
455,2,3,关心,関心をもつ,guānxīn,1,動,,
456,2,3,解决,解決する,jiějué,1,動,,
457,2,3,同意,同意する,tóngyì,1,動,,
458,2,3,注意,注意する,zhùyì,1,動,,
459,2,3,相信,信じる,xiāngxìn,1,動,,
460,2,3,打算,...するつもりだ,dǎsuàn,1,動,,
461,2,3,担心,心配する,dānxīn,1,動,,
462,2,3,发现,発見する,fāxiàn,1,動,,
463,2,3,放心,安心する,fàngxīn,1,動,,
464,2,3,害怕,恐れる,hàipà,1,動,,
465,2,3,认为,...と認める、思う、考える,rènwéi,1,動,,
466,2,3,生气,怒る,shēngqì,1,動,,
467,2,3,忘记,忘れる、うっかりする,wàngjì,1,動,,
468,2,3,小心,注意する、気をつける,xiǎoxīn,1,動,,
469,2,3,以为,...と考える、思う,yǐwéi,1,動,,
470,2,3,着急,焦る、いらいらする,zháojí,1,動,,
471,2,3,感冒,風邪をひく8,gǎnmào,1,動,,
472,2,3,检查,検査する、点検する,jiǎnchá,1,動,,
473,2,3,锻炼,鍛える,duànliàn,1,動,,
474,2,3,打扫,掃除をする,dǎsǎo,1,動,,
475,2,3,发烧,熱が出る,fāshāo,1,動,,
476,2,3,洗澡,入浴する,xǐzǎo,1,動,,
477,2,3,照顾,世話をする、気を配る,zhàogu,1,動,,
478,2,3,结婚,結婚する,jiéhūn,1,動,,
479,2,3,画,描く(絵や図を),huà,1,動,,
480,2,3,借,借りる、貸す,jiè,1,動,,
481,2,3,祝,祈る、願う,zhù,1,動,,
482,2,3,表演,演じる,biǎoyǎn,1,動,,
483,2,3,需要,必要とする,xūyào,1,動,,
484,2,3,帮忙,手伝う,bāngmáng,1,動,,
485,2,3,比赛,試合する,bǐsài,1,動,,
486,2,3,爬山,登山(する),páshān,1,動,,
487,2,3,上网,インターネットに接続する,shàngwǎng,1,動,,
488,2,3,遇到,出会う、当面する,yùdào,1,動,,
489,2,3,换,交換する,huàn,1,動,,
490,2,3,教,教える,jiāo,1,動,,
491,2,3,变化,変化する,biànhuà,1,動,,
492,2,3,参加,参加する,cānjiā,1,動,,
493,2,3,出现,出現する,chūxiàn,1,動,,
494,2,3,举行,挙行する、行う,jǔxíng,1,動,,
495,2,3,决定,決定する,juédìng,1,動,,
496,2,3,练习,練習する,liànxí,1,動,,
497,2,3,完成,完成する,wánchéng,1,動,,
498,2,3,选择,選択(する),xuǎnzé,1,動,,
499,2,3,要求,要求する,yāoqiú,1,動,,
500,2,3,使,使う、派遣する、...に...をさせる,shǐ,1,動,,
501,2,3,表示,表示する、示す、表す,biǎoshì,1,動,,
502,2,3,复习,復習(する),fùxí,1,動,,
503,2,3,经过,(ある場所を)通過する、経験する,jīngguò,1,動,,
504,2,3,背,暗記する,bèi,1,動,,
505,2,3,迟到,遅刻する,chídào,1,動,,
506,2,3,记得,覚えている,jìde,1,動,,
507,2,3,结束,終わる、けりがつく,jiéshù,1,動,,
508,2,3,了解,理解する、調べる,liǎojiě,1,動,,
509,2,3,提高,高くする,tígāo,1,動,,
510,2,3,影响,影響を与える,yǐngxiǎng,1,動,,
511,2,3,刮风,風が吹く,guāfēng,1,動,,
512,2,3,敢,思い切って...する,gǎn,10,能,,
513,2,3,必须,...しなくてはならない,bìxū,10,能,,
514,2,3,应该,当然...すべきである,yīnggāi,10,能,,
515,2,3,愿意,...したいと思う,yuànyì,10,能,,
516,2,3,低,低い,dī,2,形,,
517,2,3,短,短い,duǎn,2,形,,
518,2,3,饿,おなかがすいている,è,2,形,,
519,2,3,黄,黄色い,huáng,2,形,,
520,2,3,近,近い,jìn,2,形,,
521,2,3,久,久しい,jiǔ,2,形,,
522,2,3,旧,古い,jiù,2,形,,
523,2,3,渴,のどが渇いている,kě,2,形,,
524,2,3,绿,緑色の,lǜ,2,形,,
525,2,3,难,難しい、...しにくい,nán,2,形,,
526,2,3,瘦,やせている,shòu,2,形,,
527,2,3,聪明,聡明である、賢い,cōngming,2,形,,
528,2,3,简单,簡単である,jiǎndān,2,形,,
529,2,3,可爱,可愛い,kěài,2,形,,
530,2,3,努力,努力している、一生懸命である,nǔlì,2,形,,
531,2,3,奇怪,おかしい、奇怪である,qíguài,2,形,,
532,2,3,容易,容易である,róngyì,2,形,,
533,2,3,特别,特別である,tèbié,2,形,,
534,2,3,突然,突然である,tūrán,2,形,,
535,2,3,新鲜,新鮮である,xīnxiān,2,形,,
536,2,3,有名,有名である,yǒumíng,2,形,,
537,2,3,重要,重要である,zhòngyào,2,形,,
538,2,3,主要,主要な,zhǔyào,2,形,,
539,2,3,蓝,青い,lán,2,形,,
540,2,3,老,年を取っている、古い,lǎo,2,形,,
541,2,3,安静,静かである,ānjìng,2,形,,
542,2,3,明白,明白な;わかる,míngbai,2,形,,
543,2,3,热情,心がこもっている、親切な;熱情、意欲,rèqíng,2,形,,
544,2,3,一般,同じである、普通である,yìbān,2,形,,
545,2,3,一样,同じである、似ている,yíyàng,2,形,,
546,2,3,矮,低い(背丈が),ǎi,2,形,,
547,2,3,饱,満腹である,bǎo,2,形,,
548,2,3,差,欠ける、異なる,chà,2,形,,
549,2,3,坏,悪い,huài,2,形,,
550,2,3,胖,太っている,pàng,2,形,,
551,2,3,疼,痛む,téng,2,形,,
552,2,3,甜,甘い、うまい,tián,2,形,,
553,2,3,方便,便利である,fāngbiàn,2,形,,
554,2,3,干净,きれいである,gānjìng,2,形,,
555,2,3,满意,満足している(気分的に),mǎnyì,2,形,,
556,2,3,难过,悲しい,nánguò,2,形,,
557,2,3,年轻,若い,niánqīng,2,形,,
558,2,3,清楚,はっきりしている,qīngchu,2,形,,
559,2,3,认真,まじめである、真剣である,rènzhēn,2,形,,
560,2,3,舒服,心地よい、気持ちよい,shūfu,2,形,,
561,2,3,相同,同じである,xiāngtóng,2,形,,
562,2,3,只,ただ...だけ,zhǐ,6,副,,
563,2,3,一会儿,少しの間,yíhuìr,6,副,,
564,2,3,极,きわめて;極み、頂点,jí,6,副,,
565,2,3,越,...であればあるほど;越える,yuè,6,副,,
566,2,3,几乎,ほとんど,jīhū,6,副,,
567,2,3,一共,全部で、合わせて,yígòng,6,副,,
568,2,3,又,また(...した),yòu,6,副,,
569,2,3,经常,常に、いつも,jīngcháng,6,副,,
570,2,3,总是,いつも、ずっと,zǒngshì,6,副,,
571,2,3,先,先に、まず,xiān,6,副,,
572,2,3,才,いま...したばかり、やっと,cái,6,副,,
573,2,3,一直,ずっと;まっすぐ,yīzhí,6,副,,
574,2,3,终于,ついに,zhōngyú,6,副,,
575,2,3,然后,それから、その後、そして,ránhòu,6,副,,
576,2,3,其实,実際は,qíshí,6,副,,
577,2,3,当然,当然である,dāngrán,6,副,,
578,2,3,多么,なんと...、どんなに(...でも),duōme,6,副,,
579,2,3,还是,依然として、(比較して)やはり、それとも,háishì,6,副,,
580,2,3,一定,必ず、きっと,yídìng,6,副,,
581,2,3,或者,あるいは,huòzhě,7,接,,
582,2,3,一边,一方、片方,yìbiān,7,接,,
583,2,3,而且,そのうえ,érqiě,7,接,,
584,2,3,虽然,...ではある(けれども...),suīrán,7,接,,
585,2,3,如果,もしも...ならば,rúguǒ,7,接,,
586,2,3,跟,...といっしょに、...で,gēn,13,介,,
587,2,3,为,...のために,wèi,13,介,,
588,2,3,向,...の方へ、...に対して,xiàng,13,介,,
589,2,3,除了,...以外は、...を除いて,chúle,13,介,,
590,2,3,根据,...によると,gēnjù,13,介,,
591,2,3,关于,...に関する,guānyú,13,介,,
592,2,3,为了,...のために,wèile,13,介,,
593,2,3,啊,感嘆詞(文末、感嘆の語気),a,8,感,,
594,2,4,刀,刃物,dāo,3,名,,
595,2,4,底,底、(年度などの)末、(事の)真相,dǐ,3,名,,
596,2,4,汗,汗,hàn,3,名,,
597,2,4,梦,夢,mèng,3,名,,
598,2,4,桥,橋,qiáo,3,名,,
599,2,4,台,台,tái,3,名,,
600,2,4,血,血,xuè,3,名,,
601,2,4,动作,動作;行動する,dòngzuò,3,名,,
602,2,4,工具,工具,gōngjù,3,名,,
603,2,4,家具,家具,jiājù,3,名,,
604,2,4,价格,価格,jiàgé,3,名,,
605,2,4,饺子,ぎょうざ,jiǎozi,3,名,,
606,2,4,入口,入口,rùkǒu,3,名,,
607,2,4,生活,生活,shēnghuó,3,名,,
608,2,4,食品,食品,shípǐn,3,名,,
609,2,4,样子,様子,yàngzi,3,名,,
610,2,4,饮料,飲み物,yǐnliào,3,名,,
611,2,4,杂志,雑誌,zázhì,3,名,,
612,2,4,镜子,鏡,jìngzi,3,名,,
613,2,4,瓶子,瓶,píngzi,3,名,,
614,2,4,味道,味,wèidào,3,名,,
615,2,4,洗衣机,洗濯機,xǐyījī,3,名,,
616,2,4,墙,壁、へい,qiáng,3,名,,
617,2,4,汤,スープ,tāng,3,名,,
618,2,4,盐,塩,yán,3,名,,
619,2,4,嘴,口,zuǐ,3,名,,
620,2,4,饼干,ビスケット,bǐnggān,3,名,,
621,2,4,窗户,窓,chuānghu,3,名,,
622,2,4,大夫,医者、お医者さん,dàifu,3,名,,
623,2,4,地址,住所,dìzhǐ,3,名,,
624,2,4,肚子,おなか,dùzi,3,名,,
625,2,4,个子,背丈,gèzi,3,名,,
626,2,4,购物,買い物,gòuwù,3,名,,
627,2,4,号码,番号,hàomǎ,3,名,,
628,2,4,盒子,小箱、ケース,hézi,3,名,,
629,2,4,精神,元気、活気、精神,jīngshén,3,名,,
630,2,4,毛巾,タオル,máojīn,3,名,,
631,2,4,皮肤,皮膚、肌,pífū,3,名,,
632,2,4,沙发,ソファ,shāfā,3,名,,
633,2,4,袜子,靴下,wàzi,3,名,,
634,2,4,消息,情報、ニュース、便り,xiāoxi,3,名,,
635,2,4,牙膏,歯みがき粉,yágāo,3,名,,
636,2,4,钥匙,鍵,yàoshi,3,名,,
637,2,4,加油站,ガソリンスタンド,jiāyóuzhàn,3,名,,
638,2,4,垃圾桶,ゴミバケツ,lājītǒng,3,名,,
639,2,4,巧克力,チョコレート,qiǎokèlì,3,名,,
640,2,4,塑料袋,ビニール袋,sùliàodài,3,名,,
641,2,4,西红柿,トマト,xīhóngshì,3,名,,
642,2,4,省,省,shěng,3,名,,
643,2,4,报道,報道、レポート,bàodào,3,名,,
644,2,4,标准,標準,biāozhǔn,3,名,,
645,2,4,材料,材料,cáiliào,3,名,,
646,2,4,代表,代表,dàibiǎo,3,名,,
647,2,4,法律,法律,fǎlǜ,3,名,,
648,2,4,范围,範囲,fànwéi,3,名,,
649,2,4,方法,方法,fāngfǎ,3,名,,
650,2,4,顾客,顧客,gùkè,3,名,,
651,2,4,广告,広告、宣伝,guǎnggào,3,名,,
652,2,4,规定,規定、規則,guīdìng,3,名,,
653,2,4,国际,国際,guójì,3,名,,
654,2,4,过程,過程、プロセス,guòchéng,3,名,,
655,2,4,基础,基礎,jīchǔ,3,名,,
656,2,4,技术,技術,jìshù,3,名,,
657,2,4,记者,記者,jìzhě,3,名,,
658,2,4,交通,交通,jiāotōng,3,名,,
659,2,4,经济,経済,jīngjì,3,名,,
660,2,4,经验,経験,jīngyàn,3,名,,
661,2,4,警察,警察,jǐngchá,3,名,,
662,2,4,距离,距離,jùlí,3,名,,
663,2,4,困难,困難,kùnnan,3,名,,
664,2,4,理想,理想,lǐxiǎng,3,名,,
665,2,4,民族,民族,mínzú,3,名,,
666,2,4,目的,目的,mùdì,3,名,,
667,2,4,内容,内容,nèiróng,3,名,,
668,2,4,能力,能力,nénglì,3,名,,
669,2,4,农村,農村,nóngcūn,3,名,,
670,2,4,情况,情況,qíngkuàng,3,名,,
671,2,4,全部,全部,quánbù,3,名,,
672,2,4,缺点,欠点、弱点,quēdiǎn,3,名,,
673,2,4,任务,任務,rènwu,3,名,,
674,2,4,社会,社会,shèhuì,3,名,,
675,2,4,市场,市場、マーケット,shìchǎng,3,名,,
676,2,4,首都,首都,shǒudū,3,名,,
677,2,4,顺序,順序;順次...,shùnxù,3,名,,
678,2,4,速度,速度、スピード,sùdù,3,名,,
679,2,4,态度,態度,tàidu,3,名,,
680,2,4,条件,条件,tiáojiàn,3,名,,
681,2,4,现代,現代,xiàndài,3,名,,
682,2,4,效果,効果,xiàoguǒ,3,名,,
683,2,4,印象,印象,yìnxiàng,3,名,,
684,2,4,原因,原因,yuányīn,3,名,,
685,2,4,责任,責任,zérèn,3,名,,
686,2,4,职业,職業,zhíyè,3,名,,
687,2,4,重点,重点、(てこの)力点,zhòngdiǎn,3,名,,
688,2,4,大使馆,大使館,dàshǐguǎn,3,名,,
689,2,4,人民币,人民元,rénmínbì,3,名,,
690,2,4,护士,看護師,hùshi,3,名,,
691,2,4,座位,座席,zuòwèi,3,名,,
692,2,4,表格,表,biǎogé,3,名,,
693,2,4,传真,ファックス,chuánzhēn,3,名,,
694,2,4,工资,賃金,gōngzī,3,名,,
695,2,4,关键,カギ(物事の)、キーポイント,guānjiàn,3,名,,
696,2,4,航班,フライト(飛行機の),hángbān,3,名,,
697,2,4,好处,利点,hǎochu,3,名,,
698,2,4,计划,計画,jìhuà,3,名,,
699,2,4,奖金,賞金、賞与,jiǎngjīn,3,名,,
700,2,4,力气,力量,lìqi,3,名,,
701,2,4,密码,パスワード、暗証番号,mìmǎ,3,名,,
702,2,4,排列,配列、順列,páiliè,3,名,,
703,2,4,签证,ビザ,qiānzhèng,3,名,,
704,2,4,特点,特徴,tèdiǎn,3,名,,
705,2,4,优点,利点、優れている所,yōudiǎn,3,名,,
706,2,4,信用卡,クレジットカード,xìnyòngkǎ,3,名,,
707,2,4,爱情,愛情,àiqíng,3,名,,
708,2,4,儿童,児童,értóng,3,名,,
709,2,4,父亲,父、父親,fùqīn,3,名,,
710,2,4,感情,感情,gǎnqíng,3,名,,
711,2,4,观众,観衆、見物人,guānzhòng,3,名,,
712,2,4,母亲,母、母親,mǔqīn,3,名,,
713,2,4,年龄,年齢,niánlíng,3,名,,
714,2,4,亲戚,親戚,qīnqi,3,名,,
715,2,4,心情,心情、気持ち,xīnqíng,3,名,,
716,2,4,性别,性別,xìngbié,3,名,,
717,2,4,性格,性格,xìnggé,3,名,,
718,2,4,信心,自信、信念,xìnxīn,3,名,,
719,2,4,友谊,友情,yǒuyì,3,名,,
720,2,4,约会,会う約束,yuēhuì,3,名,,
721,2,4,导游,旅行のガイド(をする),dǎoyóu,3,名,,
722,2,4,律师,弁護士,lǜshī,3,名,,
723,2,4,师傅,師、師匠(技芸を持つ人への尊称),shīfu,3,名,,
724,2,4,售货员,店員、売り子,shòuhuòyuán,3,名,,
725,2,4,博士,博士,bóshì,3,名,,
726,2,4,答案,答案,dáàn,3,名,,
727,2,4,教授,教授,jiàoshòu,3,名,,
728,2,4,京剧,京劇,jīngjù,3,名,,
729,2,4,科学,科学,kēxué,3,名,,
730,2,4,日记,日記,rìjì,3,名,,
731,2,4,数量,数量,shùliàng,3,名,,
732,2,4,数字,数字,shùzì,3,名,,
733,2,4,温度,温度,wēndù,3,名,,
734,2,4,文章,文章,wénzhāng,3,名,,
735,2,4,小说,小説,xiǎoshuō,3,名,,
736,2,4,笑话,笑い話,xiàohuà,3,名,,
737,2,4,压力,圧力,yālì,3,名,,
738,2,4,意见,意見,yìjiàn,3,名,,
739,2,4,艺术,芸術,yìshù,3,名,,
740,2,4,知识,知識,zhīshi,3,名,,
741,2,4,质量,質量,zhìliàng,3,名,,
742,2,4,专门,専門,zhuānmén,3,名,,
743,2,4,作者,作者、作家、筆者,zuòzhě,3,名,,
744,2,4,词典,辞典,cídiǎn,3,名,,
745,2,4,看法,見方、見解,kànfǎ,3,名,,
746,2,4,语法,文法,yǔfǎ,3,名,,
747,2,4,语言,言語、言葉,yǔyán,3,名,,
748,2,4,中文,中国語,Zhōngwén,3,名,,
749,2,4,专业,専攻、専門,zhuānyè,3,名,,
750,2,4,研究生,大学院生,yánjiūshēng,3,名,,
751,2,4,羽毛球,バドミントン,yǔmáoqiú,3,名,,
752,2,4,寒假,冬休み,hánjià,3,名,,
753,2,4,硕士,修士、マスター,shuòshì,3,名,,
754,2,4,网球,テニス,wǎngqiú,3,名,,
755,2,4,网站,ウェブサイト,wǎngzhàn,3,名,,
756,2,4,演员,俳優、役者,yǎnyuán,3,名,,
757,2,4,主意,考え、意見,zhǔyi,3,名,,
758,2,4,笔记本,ノート,bǐjìběn,3,名,,
759,2,4,乒乓球,ピンポン,pīngpāngqiú,3,名,,
760,2,4,光,光、明るくする,guāng,3,名,,
761,2,4,火,火、鉄砲、赤い,huǒ,3,名,,
762,2,4,地球,地球,dìqiú,3,名,,
763,2,4,风景,風景,fēngjǐng,3,名,,
764,2,4,海洋,海洋,hǎiyáng,3,名,,
765,2,4,空气,空気,kōngqì,3,名,,
766,2,4,气候,気候,qìhòu,3,名,,
767,2,4,森林,森林,sēnlín,3,名,,
768,2,4,生命,生命,shēngmìng,3,名,,
769,2,4,植物,植物,zhíwù,3,名,,
770,2,4,老虎,トラ,lǎohǔ,3,名,,
771,2,4,阳光,日光、太陽光線,yángguāng,3,名,,
772,2,4,叶子,葉っぱ,yèzi,3,名,,
773,2,4,猪,豚,zhū,3,名,,
774,2,4,猴子,サル,hóuzi,3,名,,
775,2,4,长城,長城、万里の長城,Chángchéng,5,名固,,
776,2,4,长江,長江,Chángjiāng,5,名固,,
777,2,4,当地,当地、現地,dāngdì,3,名,,
778,2,4,方面,方面,fāngmiàn,3,名,,
779,2,4,方向,方向、方角,fāngxiàng,3,名,,
780,2,4,其中,その中,qízhōng,3,名,,
781,2,4,周围,まわり、周囲,zhōuwéi,3,名,,
782,2,4,内,中、内,nèi,3,名,,
783,2,4,亚洲,アジア,Yàzhōu,5,名固,,
784,2,4,对面,反対側、向かい側,duìmiàn,3,名,,
785,2,4,将来,将来、未来,jiānglái,3,名,,
786,2,4,世纪,世紀,shìjì,3,名,,
787,2,4,最后,最後、おしまい,zuìhòu,3,名,,
788,2,4,后来,後に(なって)、後からくる,hòulái,3,名,,
789,2,4,咱们,自分たち(聞き手を含める),zánmen,4,代,,
790,2,4,另外,別の、ほかの、加えて,lìngwài,4,代,,
791,2,4,各,各、それぞれ,gè,4,代,,
792,2,4,任何,いかなる、任意の,rènhé,4,代,,
793,2,4,一切,いっさい、すべて,yīqiè,4,代,,
794,2,4,亿,億,yì,9,数,,
795,2,4,...分之...,...分の...(分数),fēnzhī,9,数,,
796,2,4,俩,2人、2つ(量詞なしで),liǎ,9,数,,
797,2,4,遍,...回、(はじめから終わりまでの)一通り,biàn,12,量,,
798,2,4,顿,...食、...回(食事、叱責、罵倒などを数える),dùn,12,量,,
799,2,4,份,...部((1)組になったもの(2)新聞や雑誌を数える,fèn,12,量,,
800,2,4,棵,...本(木、草を数える),kē,12,量,,
801,2,4,篇,...篇(文章を数える),piān,12,量,,
802,2,4,群,...群(群れを成したものを数える),qún,12,量,,
803,2,4,行,...行(行・列になっている物を数える),xíng,12,量,,
804,2,4,页,...頁,yè,12,量,,
805,2,4,元,通貨の単位、元,yuán,12,量,,
806,2,4,只,...匹(小動物、昆虫、ペアの片割れ),zhī,12,量,,
807,2,4,座,...台(大型で、固定した物を数える),zuò,12,量,,
808,2,4,公里,...キロメートル,gōnglǐ,12,量,,
809,2,4,朵,ひとひらの(花、雲を数える),duǒ,12,量,,
810,2,4,抱,抱く,bào,1,動,,
811,2,4,断,断つ、切る;断じて,duàn,1,動,,
812,2,4,挂,掛ける、電話を切る,guà,1,動,,
813,2,4,弄,弄る、する、もてあそぶ,nòng,1,動,,
814,2,4,出生,生まれる,chūshēng,1,動,,
815,2,4,谈,話す、話し合う,tán,1,動,,
816,2,4,推,押す,tuī,1,動,,
817,2,4,指,指さす、指し示す,zhǐ,1,動,,
818,2,4,掉,落ちる、なくす,diào,1,動,,
819,2,4,丢,失う,diū,1,動,,
820,2,4,交,交付する、交わる,jiāo,1,動,,
821,2,4,拉,引く、(楽器を)弾く,lā,1,動,,
822,2,4,敲,たたく,qiāo,1,動,,
823,2,4,扔,投げる、捨てる,rēng,1,動,,
824,2,4,抬,持ち上げる(二人以上で),tái,1,動,,
825,2,4,躺,横になる、寝ころぶ,tǎng,1,動,,
826,2,4,打针,注射する,dǎzhēn,1,動,,
827,2,4,流泪,涙を流す,liúlèi,1,動,,
828,2,4,困,苦しむ、困る,kùn,1,動,,
829,2,4,吃惊,吃驚する、たまげる,chījīng,1,動,,
830,2,4,烦恼,悩む;煩悩,fánnǎo,1,動,,
831,2,4,反对,反対する,fǎnduì,1,動,,
832,2,4,感动,感動(する),gǎndòng,1,動,,
833,2,4,后悔,後悔(する),hòuhuǐ,1,動,,
834,2,4,怀疑,疑う;懐疑、疑惑,huáiyí,1,動,,
835,2,4,拒绝,拒絶する,jùjué,1,動,,
836,2,4,判断,判断(する),pànduàn,1,動,,
837,2,4,失望,失望(する),shīwàng,1,動,,
838,2,4,兴奋,興奮する,xīngfèn,1,動,,
839,2,4,感觉,感覚;感じる、...と思う,gǎnjué,1,動,,
840,2,4,激动,興奮する、感動させる,jīdòng,1,動,,
841,2,4,猜,答えを当てる,cāi,1,動,,
842,2,4,鼓励,励ます、激励する,gǔlì,1,動,,
843,2,4,害羞,恥ずかしがる,hàixiū,1,動,,
844,2,4,回忆,思い出す,huíyì,1,動,,
845,2,4,提醒,気づかせる、(忘れないように)注意する,tíxǐng,1,動,,
846,2,4,留,留まる、とっておく,liú,1,動,,
847,2,4,取,取る、得る,qǔ,1,動,,
848,2,4,死,死ぬ,sǐ,1,動,,
849,2,4,修,直す、修理する、整える,xiū,1,動,,
850,2,4,放弃,放棄する、あきらめる,fàngqì,1,動,,
851,2,4,获得,獲得する,huòdé,1,動,,
852,2,4,节约,節約(する),jiéyuē,1,動,,
853,2,4,散步,散歩する,sànbù,1,動,,
854,2,4,破,壊れる、裂く,pò,1,動,,
855,2,4,脱,脱ぐ、抜ける,tuō,1,動,,
856,2,4,醒,目が覚める,xǐng,1,動,,
857,2,4,超过,超える、追い越す,chāoguò,1,動,,
858,2,4,乘坐,乗る(乗り物に),chéngzuò,1,動,,
859,2,4,减肥,ダイエット(する),jiǎnféi,1,動,,
860,2,4,理发,散髪する,lǐfà,1,動,,
861,2,4,增长,成長する、増大する,zēngzhǎng,1,動,,
862,2,4,擦,拭く,cā,1,動,,
863,2,4,尝,味を見る,cháng,1,動,,
864,2,4,戴,着用する(頭・腕などに),dài,1,動,,
865,2,4,逛,ぶらぶら歩く,guàng,1,動,,
866,2,4,撞,ぶつかる,zhuàng,1,動,,
867,2,4,打扮,装う、化粧する,dǎban,1,動,,
868,2,4,打折,割引する,dǎzhé,1,動,,
869,2,4,鼓掌,拍手する,gǔzhǎng,1,動,,
870,2,4,接受,受けいれる、認める、受け取る,jiēshòu,1,動,,
871,2,4,咳嗽,咳をする,késou,1,動,,
872,2,4,收拾,片づける,shōushi,1,動,,
873,2,4,得,要する[dei3];得る[de2],děi,1,動,,
874,2,4,出发,出発する,chūfā,1,動,,
875,2,4,对话,対話(する),duìhuà,1,動,,
876,2,4,翻译,翻訳する,fānyì,1,動,,
877,2,4,访问,訪問する,fǎngwèn,1,動,,
878,2,4,干杯,乾杯する,gānbēi,1,動,,
879,2,4,交流,交換、交流(する),jiāoliú,1,動,,
880,2,4,通知,通知する,tōngzhī,1,動,,
881,2,4,同情,同情(する),tóngqíng,1,動,,
882,2,4,握手,握手する,wòshǒu,1,動,,
883,2,4,祝贺,祝う;祝賀,zhùhè,1,動,,
884,2,4,尊重,尊重する15,zūnzhòng,1,動,,
885,2,4,发,発送する、発生する,fā,1,動,,
886,2,4,还,返す、報いる,huán,1,動,,
887,2,4,收,収める、受け取る,shōu,1,動,,
888,2,4,抽烟,煙草を吸う,chōuyān,1,動,,
889,2,4,感谢,感謝する,gǎnxiè,1,動,,
890,2,4,活动,運動する、活動する,huódòng,1,動,,
891,2,4,演出,上演する,yǎnchū,1,動,,
892,2,4,吵,口喧嘩する,chǎo,1,動,,
893,2,4,寄,郵便で送る,jì,1,動,,
894,2,4,陪,お供する,péi,1,動,,
895,2,4,骗,騙す,piàn,1,動,,
896,2,4,输,負ける,shū,1,動,,
897,2,4,赢,勝つ,yíng,1,動,,
898,2,4,抱歉,すまなく思う,bàoqiàn,1,動,,
899,2,4,打扰,邪魔をする,dǎrǎo,1,動,,
900,2,4,道歉,謝る、遺憾の意を表する,dàoqiàn,1,動,,
901,2,4,广播,放送する,guǎngbō,1,動,,
902,2,4,联系,連絡する、結びつける,liánxì,1,動,,
903,2,4,聊天,おしゃべりする、チャットする,liáotiān,1,動,,
904,2,4,麻烦,迷惑をかける,máfan,1,動,,
905,2,4,起飞,離陸(する),qǐfēi,1,動,,
906,2,4,请客,ごちそうする、客を招待する,qǐngkè,1,動,,
907,2,4,误会,誤解する,wùhuì,1,動,,
908,2,4,羡慕,羨む、羨望する,xiànmù,1,動,,
909,2,4,邀请,招く、招待(する),yāoqǐng,1,動,,
910,2,4,原谅,許す,yuánliàng,1,動,,
911,2,4,开玩笑,冗談を言う、からかう,kāiwánxiào,1,動,,
912,2,4,试,試みる,shì,1,動,,
913,2,4,保护,保護(する),bǎohù,1,動,,
914,2,4,保证,保証(する),bǎozhèng,1,動,,
915,2,4,毕业,卒業する,bìyè,1,動,,
916,2,4,参观,参観する、見学する,cānguān,1,動,,
917,2,4,成功,成功する,chénggōng,1,動,,
918,2,4,代替,代替(する),dàitì,1,動,,
919,2,4,调查,調査(する),diàochá,1,動,,
920,2,4,发生,発生する,fāshēng,1,動,,
921,2,4,发展,発展する,fāzhǎn,1,動,,
922,2,4,反映,反映(する)、報告(する),fǎnyìng,1,動,,
923,2,4,符合,符合する、ぴったり合う,fúhé,1,動,,
924,2,4,管理,管理、監督(する),guǎnlǐ,1,動,,
925,2,4,集合,集合する,jíhé,1,動,,
926,2,4,继续,継続する,jìxù,1,動,,
927,2,4,减少,減少(する)、減らす,jiǎnshǎo,1,動,,
928,2,4,教育,教育する,jiàoyù,1,動,,
929,2,4,解释,解釈、釈明、説明(する),jiěshì,1,動,,
930,2,4,进行,進行する,jìnxíng,1,動,,
931,2,4,禁止,禁止する,jìnzhǐ,1,動,,
932,2,4,竞争,競争(する),jìngzhēng,1,動,,
933,2,4,考虑,考慮する,kǎolǜ,1,動,,
934,2,4,扩大,拡大(する),kuòdà,1,動,,
935,2,4,浪费,浪費(する),làngfèi,1,動,,
936,2,4,理解,理解(する),lǐjiě,1,動,,
937,2,4,流行,流行する,liúxíng,1,動,,
938,2,4,留学,留学(する),liúxué,1,動,,
939,2,4,区别,区別(する)、差異,qūbié,1,動,,
940,2,4,申请,申請(する),shēnqǐng,1,動,,
941,2,4,失败,失敗(する),shībài,1,動,,
942,2,4,使用,使用する、使う,shǐyòng,1,動,,
943,2,4,适合,適合(する)、ふさわしい,shìhé,1,動,,
944,2,4,适应,適応(する),shìyìng,1,動,,
945,2,4,说明,説明する、証明する,shuōmíng,1,動,,
946,2,4,讨论,討論する,tǎolùn,1,動,,
947,2,4,提供,提供(する),tígōng,1,動,,
948,2,4,停止,停止(する),tíngzhǐ,1,動,,
949,2,4,污染,汚染(する),wūrǎn,1,動,,
950,2,4,信任,信用(する);信任,xìnrèn,1,動,,
951,2,4,养成,養成(する)、(習慣を)身につける,yǎngchéng,1,動,,
952,2,4,阅读,閲読(する)、読む,yuèdú,1,動,,
953,2,4,增加,増える、増やす,zēngjiā,1,動,,
954,2,4,招聘,招聘、求人(する),zhāopìn,1,動,,
955,2,4,整理,整理する,zhěnglǐ,1,動,,
956,2,4,证明,証明する,zhèngmíng,1,動,,
957,2,4,支持,支持、サポート(する),zhīchí,1,動,,
958,2,4,制造,製造(する)、作りだす,zhìzào,1,動,,
959,2,4,重视,重視(する),zhòngshì,1,動,,
960,2,4,组成,組成、構成(する),zǔchéng,1,動,,
961,2,4,组织,組織する,zǔzhī,1,動,,
962,2,4,算,計算する、...と見なす,suàn,1,動,,
963,2,4,包括,含む、包含する,bāokuò,1,動,,
964,2,4,改变,変わる、変える,gǎibiàn,1,動,,
965,2,4,坚持,堅持する、頑張って続ける,jiānchí,1,動,,
966,2,4,经历,経験(する)、経歴,jīnglì,1,動,,
967,2,4,批评,批判する、叱る,pīpíng,1,動,,
968,2,4,缺少,欠けている、足りない,quēshǎo,1,動,,
969,2,4,收入,受け入れる;収入,shōurù,1,動,,
970,2,4,吸引,引きつける(感情や注意を),xīyǐn,1,動,,
971,2,4,限制,制限(する)、規制する,xiànzhì,1,動,,
972,2,4,引起,引き起こす、もたらす,yǐnqǐ,1,動,,
973,2,4,预习,予習する,yùxí,1,動,,
974,2,4,值得,値打ちがある,zhíde,1,動,,
975,2,4,当,...になる、担当する,dāng,1,動,,
976,2,4,剩,残る、余る,shèng,1,動,,
977,2,4,赚,儲ける;利潤,zhuàn,1,動,,
978,2,4,租,貸す(有料で)、(金を払って)借りる,zū,1,動,,
979,2,4,安排,段取りをする,ānpái,1,動,,
980,2,4,报名,申し込む,bàomíng,1,動,,
981,2,4,表达,表現、表明(する),biǎodá,1,動,,
982,2,4,表扬,表彰する,biǎoyáng,1,動,,
983,2,4,成为,...になる、...となる,chéngwéi,1,動,,
984,2,4,出差,出張する,chūchāi,1,動,,
985,2,4,打印,捺印、印刷(する),dǎyìn,1,動,,
986,2,4,堵车,渋滞(する),dǔchē,1,動,,
987,2,4,复印,複写する,fùyìn,1,動,,
988,2,4,负责,責任を負う,fùzé,1,動,,
989,2,4,估计,見積もる、推定する,gūjì,1,動,,
990,2,4,积累,蓄積(する),jīlěi,1,動,,
991,2,4,加班,残業(する)、時間外労働,jiābān,1,動,,
992,2,4,降低,下げる、下がる,jiàngdī,1,動,,
993,2,4,举办,行う(活動を),jǔbàn,1,動,,
994,2,4,请假,休みを取る,qǐngjià,1,動,,
995,2,4,商量,相談する,shāngliang,1,動,,
996,2,4,熟悉,熟知(する、している),shúxī,1,動,,
997,2,4,提前,前倒しする、繰り上げる,tíqián,1,動,,
998,2,4,填空,空白を埋める、充填する,tiánkòng,1,動,,
999,2,4,推迟,延期する,tuīchí,1,動,,
1000,2,4,允许,許容(する),yǔnxǔ,1,動,,
1001,2,4,总结,総括する、まとめる,zǒngjié,1,動,,
1002,2,4,放暑假,夏休みになる,fàngshǔjià,1,動,,
1003,2,4,来不及,間に合わない,láibují,1,動,,
1004,2,4,来得及,間に合う,láidejí,1,動,,
1005,2,4,弹钢琴,ピアノを弾く,tángāngqín,1,動,,
1006,2,4,做生意,商売をする,zuòshēngyì,1,動,,
1007,2,4,差不多,ほとんど同じである、だいたい,chàbuduō,2,形,,
1008,2,4,暗,暗い,àn,2,形,,
1009,2,4,富,金がある,fù,2,形,,
1010,2,4,厚,厚い,hòu,2,形,,
1011,2,4,苦,苦い(味が)、苦しい、つらい,kǔ,2,形,,
1012,2,4,懒,懶惰な、ものぐさな,lǎn,2,形,,
1013,2,4,乱,乱れている,luàn,2,形,,
1014,2,4,满,満ちている,mǎn,2,形,,
1015,2,4,轻,軽い,qīng,2,形,,
1016,2,4,软,柔らかい,ruǎn,2,形,,
1017,2,4,深,深い、(色が)濃い,shēn,2,形,,
1018,2,4,香,香りがよい、味がよい,xiāng,2,形,,
1019,2,4,响,よく鳴り響く,xiǎng,2,形,,
1020,2,4,硬,硬い、冷酷な,yìng,2,形,,
1021,2,4,安全,安全である,ānquán,2,形,,
1022,2,4,诚实,誠実な,chéngshí,2,形,,
1023,2,4,成熟,成熟した、熟する,chéngshú,2,形,,
1024,2,4,大概,おおよその,dàgài,2,形,,
1025,2,4,丰富,豊富である,fēngfù,2,形,,
1026,2,4,复杂,複雑である,fùzá,2,形,,
1027,2,4,干燥,乾燥している,gānzào,2,形,,
1028,2,4,高级,高級な,gāojí,2,形,,
1029,2,4,共同,共同の、共通の,gòngtóng,2,形,,
1030,2,4,合格,合格する,hégé,2,形,,
1031,2,4,活泼,活発な,huópo,2,形,,
1032,2,4,积极,積極的な、熱心な,jījí,2,形,,
1033,2,4,紧张,緊張している,jǐnzhāng,2,形,,
1034,2,4,浪漫,ロマンチックな,làngmàn,2,形,,
1035,2,4,冷静,冷静な,lěngjìng,2,形,,
1036,2,4,普遍,普遍的な、普及している,pǔbiàn,2,形,,
1037,2,4,确实,確実である,quèshí,2,形,,
1038,2,4,伤心,傷心の、悲しい,shāngxīn,2,形,,
1039,2,4,湿润,湿潤な,shīrùn,2,形,,
1040,2,4,实际,実際の,shíjì,2,形,,
1041,2,4,完全,完全である,wánquán,2,形,,
1042,2,4,无聊,退屈な、つまらない、無聊な,wúliáo,2,形,,
1043,2,4,相反,相反している,xiāngfǎn,2,形,,
1044,2,4,详细,詳細な、詳しい,xiángxì,2,形,,
1045,2,4,幸福,幸福な,xìngfú,2,形,,
1046,2,4,严格,厳格な,yángé,2,形,,
1047,2,4,严重,厳重な、深刻な,yánzhòng,2,形,,
1048,2,4,勇敢,勇敢な,yǒnggǎn,2,形,,
1049,2,4,优秀,優秀な,yōuxiù,2,形,,
1050,2,4,友好,友好的である,yǒuhǎo,2,形,,
1051,2,4,愉快,愉快である、楽しい,yúkuài,2,形,,
1052,2,4,正常,正常な,zhèngcháng,2,形,,
1053,2,4,正式,正式な,zhèngshì,2,形,,
1054,2,4,直接,直接の、直に,zhíjiē,2,形,,
1055,2,4,著名,著名な,zhùmíng,2,形,,
1056,2,4,仔细,仔細な、注意深い,zǐxì,2,形,,
1057,2,4,宽,幅が広い;幅,kuān,2,形,,
1058,2,4,穷,貧しい,qióng,2,形,,
1059,2,4,酸,酸っぱい,suān,2,形,,
1060,2,4,窄,幅が狭い、気が小さい,zhǎi,2,形,,
1061,2,4,得意,得意げな18,déyì,2,形,,
1062,2,4,骄傲,傲慢な、誇りとする,jiāoào,2,形,,
1063,2,4,精彩,精彩を放っている、すばらしい,jīngcǎi,2,形,,
1064,2,4,可怜,哀れな、かわいそうな,kělián,2,形,,
1065,2,4,凉快,涼しい,liángkuai,2,形,,
1066,2,4,美丽,美しい,měilì,2,形,,
1067,2,4,实在,本当に、実在の,shízài,2,形,,
1068,2,4,顺利,順調である,shùnlì,2,形,,
1069,2,4,危险,危険である,wēixiǎn,2,形,,
1070,2,4,原来,もとの、元通りの,yuánlái,2,形,,
1071,2,4,正确,正しい,zhèngquè,2,形,,
1072,2,4,笨,愚かである,bèn,2,形,,
1073,2,4,够,足りる、十分である,gòu,2,形,,
1074,2,4,假,にせの,jiǎ,2,形,,
1075,2,4,辣,辛い,là,2,形,,
1076,2,4,亮,明るい,liàng,2,形,,
1077,2,4,帅,美しい、優美な、粋な;元帥,shuài,2,形,,
1078,2,4,咸,塩辛い,xián,2,形,,
1079,2,4,粗心,そそっかしい、おおざっぱな,cūxīn,2,形,,
1080,2,4,孤单,孤独な,gūdān,2,形,,
1081,2,4,合适,ぴったりしている、適当である,héshì,2,形,,
1082,2,4,及时,ちょうどよい時に、早速,jíshí,2,形,,
1083,2,4,可惜,惜しいことに,kěxī,2,形,,
1084,2,4,礼貌,礼儀(正しい),lǐmào,2,形,,
1085,2,4,厉害,すごい、たまらない,lìhai,2,形,,
1086,2,4,流利,流暢な、なめらかな,liúlì,2,形,,
1087,2,4,马虎,ぼんやりしている,mǎhu,2,形,,
1088,2,4,免费,無料の,miǎnfèi,2,形,,
1089,2,4,耐心,根気がよい,nàixīn,2,形,,
1090,2,4,难受,つらい、体調が悪い,nánshòu,2,形,,
1091,2,4,暖和,暖かい,nuǎnhuo,2,形,,
1092,2,4,轻松,軽快な、容易な,qīngsōng,2,形,,
1093,2,4,热闹,賑やかである、うるさい,rènao,2,形,,
1094,2,4,随便,自由気ままである,suíbiàn,2,形,,
1095,2,4,所有,すべての,suǒyǒu,2,形,,
1096,2,4,讨厌,いやらしい、きらう,tǎoyàn,2,形,,
1097,2,4,辛苦,骨が折れる、苦労する,xīnkǔ,2,形,,
1098,2,4,许多,たくさんの,xǔduō,2,形,,
1099,2,4,幽默,ユーモア(のある),yōumò,2,形,,
1100,2,4,有趣,面白い、興味深い,yǒuqù,2,形,,
1101,2,4,真正,本当の、本当に,zhēnzhèng,2,形,,
1102,2,4,整齐,整然としている,zhěngqí,2,形,,
1103,2,4,正好,ちょうど、ぴったり,zhènghǎo,2,形,,
1104,2,4,主动,自発的な、能動的な,zhǔdòng,2,形,,
1105,2,4,准确,正確な,zhǔnquè,2,形,,
1106,2,4,最好,最もよい、できるだけ...したほうがよい,zuìhǎo,2,形,,
1107,2,4,受不了,耐えられない,shòubùliǎo,2,形,,
1108,2,4,极其,きわめて,jíqí,6,副,,
1109,2,4,稍微,すこし、いくらか,shāowēi,6,副,,
1110,2,4,十分,十分に,shífēn,6,副,,
1111,2,4,挺,結構、かなり,tǐng,6,副,,
1112,2,4,到处,いたるところ,dàochù,6,副,,
1113,2,4,尤其,とりわけ,yóuqí,6,副,,
1114,2,4,至少,少なくとも,zhìshǎo,6,副,,
1115,2,4,重新,新たに、もう一度,chóngxīn,6,副,,
1116,2,4,偶尔,たまに,ǒuěr,6,副,,
1117,2,4,平时,平時、ふだん,píngshí,6,副,,
1118,2,4,往往,常に、いつも,wǎngwǎng,6,副,,
1119,2,4,按时,時間どおりに,ànshí,6,副,,
1120,2,4,从来,これまでずっと,cónglái,6,副,,
1121,2,4,当时,当時;即座に,dāngshí,6,副,,
1122,2,4,其次,次;二番目は,qícì,6,副,,
1123,2,4,仍然,依然として、やはり,réngrán,6,副,,
1124,2,4,首先,まずはじめに,shǒuxiān,6,副,,
1125,2,4,暂时,しばらくのあいだ、当分,zànshí,6,副,,
1126,2,4,准时,時間どおりに、時間に厳格な,zhǔnshí,6,副,,
1127,2,4,永远,いつまでも、永遠に,yǒngyuǎn,6,副,,
1128,2,4,无,...ない、...するな、...にもかかわらず,wú,6,副,,
1129,2,4,故意,故意に,gùyì,6,副,,
1130,2,4,自然,自然(に)、当然(に),zìrán,6,副,,
1131,2,4,忽然,突然、急に,hūrán,6,副,,
1132,2,4,互相,互いに,hùxiāng,6,副,,
1133,2,4,顺便,ついでに,shùnbiàn,6,副,,
1134,2,4,逐渐,しだいに、だんだんと,zhújiàn,6,副,,
1135,2,4,却,...なのにかえって;退く,què,6,副,,
1136,2,4,本来,本来(は),běnlái,6,副,,
1137,2,4,大约,だいたい、およそ,dàyuē,6,副,,
1138,2,4,竟然,なんと、ところが、意外にも,jìngrán,6,副,,
1139,2,4,究竟,結局、いったい,jiūjìng,6,副,,
1140,2,4,难道,まさか...ではあるまい,nándào,6,副,,
1141,2,4,千万,ぜひとも、くれぐれも,qiānwàn,6,副,,
1142,2,4,甚至,...さえ;甚だしきにいたっては,shènzhì,6,副,,
1143,2,4,不得不,...しないわけにはいかない,bùdébù,6,副,,
1144,2,4,到底,結局,dàodǐ,6,副,,
1145,2,4,果然,やはり、果たして,guǒrán,6,副,,
1146,2,4,好像,ちょうど...のようである,hǎoxiàng,6,副,,
1147,2,4,肯定,確かに、間違いなく,kěndìng,6,副,,
1148,2,4,恐怕,たぶん、おそらく,kǒngpà,6,副,,
1149,2,4,也许,...かもしれない,yěxǔ,6,副,,
1150,2,4,只好,...するより他はない、やむなく,zhǐhǎo,6,副,,
1151,2,4,而,...でありまた...である、...ではあるが...ではない,ér,7,接,,
1152,2,4,于是,そこで、それで,yúshì,7,接,,
1153,2,4,否则,さもなければ,fǒuzé,7,接,,
1154,2,4,并且,しかも、そのうえ,bìngqiě,7,接,,
1155,2,4,不但,...ばかりでなく,búdàn,7,接,,
1156,2,4,不仅,...であるのみならず,bùjǐn,7,接,,
1157,2,4,因此,これによって、それゆえ,yīncǐ,7,接,,
1158,2,4,由于,[介]...によって、[接]...なので,yóuyú,7,接,,
1159,2,4,不过,しかし、けど,búguò,7,接,,
1160,2,4,尽管,...にかかわらず、いくらでも,jǐnguǎn,7,接,,
1161,2,4,可是,しかし、けれど,kěshì,7,接,,
1162,2,4,然而,しかし,ránér,7,接,,
1163,2,4,既然,...したからには、...である以上,jìrán,7,接,,
1164,2,4,只要,...さえあれば,zhǐyào,7,接,,
1165,2,4,不管,...にかかわらず,bùguǎn,7,接,,
1166,2,4,即使,たとえ...だとしても,jíshǐ,7,接,,
1167,2,4,无论,...にかかわりなく,wúlùn,7,接,,
1168,2,4,例如,たとえば,lìrú,7,接,,
1169,2,4,被,...によって(受身を表す),bèi,13,介,,
1170,2,4,连,...もいっしょに、...までも;続けて,lián,13,介,,
1171,2,4,往,...に向かって、...の方へ,wǎng,13,介,,
1172,2,4,以,...をもって,yǐ,13,介,,
1173,2,4,由,...によると、...から;理由、経由,yóu,13,介,,
1174,2,4,按照,...によって、...にもとづいて,ànzhào,13,介,,
1175,2,4,随着,...にしたがって,suízhe,13,介,,
1176,2,4,通过,...を通じて;通過する,tōngguò,13,介,,
1177,2,4,呀,感嘆詞(文末、[a]の変化したもの),ya,8,感,,
1178,2,4,等,...など,děng,14,助,,
1179,2,4,之,これ、それ、...の,zhī,14,助,,
1180,2,5,布,布地,bù,3,名,,
1181,2,5,肺,肺,fèi,3,名,,
1182,2,5,盖,蓋,gài,3,名,,
1183,2,5,锅,鍋,guō,3,名,,
1184,2,5,灰,灰、灰色,huī,3,名,,
1185,2,5,梨,梨,lí,3,名,,
1186,2,5,铃,鈴,líng,3,名,,
1187,2,5,露,露、シロップ,lù,3,名,,
1188,2,5,枪,槍、銃,qiāng,3,名,,
1189,2,5,塔,塔,tǎ,3,名,,
1190,2,5,桃,桃(モモ),táo,3,名,,
1191,2,5,胃,胃,wèi,3,名,,
1192,2,5,胸,胸、心中,xiōng,3,名,,
1193,2,5,腰,腰,yāo,3,名,,
1194,2,5,包子,パオズ(中華まん),bāozi,3,名,,
1195,2,5,背景,背景,bèijǐng,3,名,,
1196,2,5,玻璃,ガラス,bōli,3,名,,
1197,2,5,车库,車庫、ガレージ,chēkù,3,名,,
1198,2,5,出口,出口,chūkǒu,3,名,,
1199,2,5,电池,電池,diànchí,3,名,,
1200,2,5,豆腐,豆腐,dòufu,3,名,,
1201,2,5,服装,服装,fúzhuāng,3,名,,
1202,2,5,广场,広場,guǎngchǎng,3,名,,
1203,2,5,果实,果実,guǒshí,3,名,,
1204,2,5,过敏,過敏(症)、アレルギー,guòmǐn,3,名,,
1205,2,5,海鲜,魚介類,hǎixiān,3,名,,
1206,2,5,机器,機械,jīqì,3,名,,
1207,2,5,家庭,家庭,jiātíng,3,名,,
1208,2,5,键盘,鍵盤、キーボード,jiànpán,3,名,,
1209,2,5,酱油,醤油,jiàngyóu,3,名,,
1210,2,5,金属,金属,jīnshǔ,3,名,,
1211,2,5,精力,精力,jīnglì,3,名,,
1212,2,5,空间,空間,kōngjiān,3,名,,
1213,2,5,蜡烛,蠟燭,làzhú,3,名,,
1214,2,5,眉毛,眉毛,méimao,3,名,,
1215,2,5,蜜蜂,ミツバチ,mìfēng,3,名,,
1216,2,5,目录,目録、カタログ、コンテンツ一覧,mùlù,3,名,,
1217,2,5,勺子,さじ、ひしゃく,sháozi,3,名,,
1218,2,5,神经,神経,shénjīng,3,名,,
1219,2,5,食物,食物,shíwù,3,名,,
1220,2,5,手术,手術,shǒushù,3,名,,
1221,2,5,手指,手の指,shǒuzhǐ,3,名,,
1222,2,5,寿命,寿命、耐用年数,shòumìng,3,名,,
1223,2,5,书架,書架、本棚,shūjià,3,名,,
1224,2,5,宿舍,宿舎,sùshè,3,名,,
1225,2,5,田野,田畑と野原、野外,tiányě,3,名,,
1226,2,5,玩具,玩具、おもちゃ,wánjù,3,名,,
1227,2,5,武器,武器、兵器,wǔqì,3,名,,
1228,2,5,武术,武術,wǔshù,3,名,,
1229,2,5,小麦,小麦,xiǎomài,3,名,,
1230,2,5,信号,信号、合図,xìnhào,3,名,,
1231,2,5,硬币,硬貨、コイン,yìngbì,3,名,,
1232,2,5,姿势,姿勢、ポーズ,zīshì,3,名,,
1233,2,5,充电器,充電器,chōngdiànqì,3,名,,
1234,2,5,日用品,日用品,rìyòngpǐn,3,名,,
1235,2,5,幼儿园,幼稚園,yòuéryuán,3,名,,
1236,2,5,壶,壺、急須,hú,3,名,,
1237,2,5,盆,鉢、ボウル,pén,3,名,,
1238,2,5,锁,錠(をかける)、鎖,suǒ,3,名,,
1239,2,5,钟,釣り鐘、掛け時計,zhōng,3,名,,
1240,2,5,灰尘,ほこり、ちり,huīchén,3,名,,
1241,2,5,肌肉,筋肉,jīròu,3,名,,
1242,2,5,零钱,小銭、小遣い,língqián,3,名,,
1243,2,5,气氛,雰囲気、空気,qìfēn,3,名,,
1244,2,5,寺庙,寺院,sìmiào,3,名,,
1245,2,5,兔子,兎(ウサギ),tùzi,3,名,,
1246,2,5,营养,栄養,yíngyǎng,3,名,,
1247,2,5,邮局,郵便局,yóujú,3,名,,
1248,2,5,枕头,枕,zhěntou,3,名,,
1249,2,5,高速公路,高速道路,gāosùgōnglù,3,名,,
1250,2,5,醋,酢,cù,3,名,,
1251,2,5,包裹,小包;包む,bāoguǒ,3,名,,
1252,2,5,宝贝,宝物、かわいい子,bǎobèi,3,名,,
1253,2,5,被子,掛け布団,bèizi,3,名,,
1254,2,5,鞭炮,爆竹,biānpào,3,名,,
1255,2,5,脖子,首,bózi,3,名,,
1256,2,5,步骤,歩み、ステップ,bùzhòu,3,名,,
1257,2,5,餐厅,食堂、レストラン,cāntīng,3,名,,
1258,2,5,厕所,トイレ,cèsuǒ,3,名,,
1259,2,5,叉子,フォーク、熊手,chāzi,3,名,,
1260,2,5,车厢,車両、車体,chēxiāng,3,名,,
1261,2,5,宠物,ペット,chǒngwù,3,名,,
1262,2,5,抽屉,引き出し,chōuti,3,名,,
1263,2,5,窗帘,カーテン,chuānglián,3,名,,
1264,2,5,磁带,録音テープ,cídài,3,名,,
1265,2,5,地毯,絨毯,dìtǎn,3,名,,
1266,2,5,点心,軽食、お菓子,diǎnxin,3,名,,
1267,2,5,电台,無線局、ラジオ局,diàntái,3,名,,
1268,2,5,短信,SMS(ショートメール),duǎnxìn,3,名,,
1269,2,5,肥皂,石鹸,féizào,3,名,,
1270,2,5,胳膊,腕,gēbo,3,名,,
1271,2,5,隔壁,隣家,gébì,3,名,,
1272,2,5,公寓,マンション、アパート,gōngyù,3,名,,
1273,2,5,骨头,骨;気骨;(言葉の)とげ,gǔtou,3,名,,
1274,2,5,管子,管、パイプ,guǎnzǐ,3,名,,
1275,2,5,罐头,缶、缶詰,guàntou,3,名,,
1276,2,5,光盘,光ディスク、CD,guāngpán,3,名,,
1277,2,5,柜台,レジ、カウンター,guìtái,3,名,,
1278,2,5,胡同,路地(北京の),hútòng,3,名,,
1279,2,5,胡须,ひげ,húxū,3,名,,
1280,2,5,花生,落花生、ピーナッツ,huāshēng,3,名,,
1281,2,5,黄瓜,きゅうり,huángguā,3,名,,
1282,2,5,火柴,マッチ,huǒchái,3,名,,
1283,2,5,家务,家事、家庭内の問題,jiāwù,3,名,,
1284,2,5,家乡,故郷、ふるさと,jiāxiāng,3,名,,
1285,2,5,夹子,クリップ、物をはさむ道具,jiāzi,3,名,,
1286,2,5,肩膀,肩,jiānbǎng,3,名,,
1287,2,5,剪刀,はさみ,jiǎndāo,3,名,,
1288,2,5,胶水,のり、水のり,jiāoshuǐ,3,名,,
1289,2,5,戒指,指輪,jièzhi,3,名,,
1290,2,5,酒吧,酒場、バー,jiǔbā,3,名,,
1291,2,5,桔子,ミカン、オレンジ,júzi,3,名,,
1292,2,5,卡车,トラック,kǎchē,3,名,,
1293,2,5,烤鸭,アヒルの丸焼き,kǎoyā,3,名,,
1294,2,5,客厅,客間、応接間,kètīng,3,名,,
1295,2,5,口味,味、好み,kǒuwèi,3,名,,
1296,2,5,辣椒,トウガラシ,làjiāo,3,名,,
1297,2,5,老鼠,鼠,lǎoshǔ,3,名,,
1298,2,5,零件,部品、パーツ,língjiàn,3,名,,
1299,2,5,零食,おやつ、間食,língshí,3,名,,
1300,2,5,馒头,マントウ,mántou,3,名,,
1301,2,5,煤炭,石炭,méitàn,3,名,,
1302,2,5,木头,木材、丸太,mùtou,3,名,,
1303,2,5,脑袋,頭、知能,nǎodài,3,名,,
1304,2,5,皮鞋,革靴,píxié,3,名,,
1305,2,5,频道,チャンネル(テレビの),píndào,3,名,,
1306,2,5,汽油,ガソリン,qìyóu,3,名,,
1307,2,5,日历,日めくりカレンダー,rìlì,3,名,,
1308,2,5,嗓子,のど、声,sǎngzi,3,名,,
1309,2,5,舌头,舌,shétou,3,名,,
1310,2,5,绳子,縄、ロープ,shéngzi,3,名,,
1311,2,5,失眠,不眠,shīmián,3,名,,
1312,2,5,手套,手袋,shǒutào,3,名,,
1313,2,5,蔬菜,野菜,shūcài,3,名,,
1314,2,5,梳子,櫛,shūzi,3,名,,
1315,2,5,鼠标,マウス(PCの),shǔbiāo,3,名,,
1316,2,5,数据,データ,shùjù,3,名,,
1317,2,5,数码,数字、デジタル,shùmǎ,3,名,,
1318,2,5,丝绸,絹、シルク,sīchóu,3,名,,
1319,2,5,台阶,石段(家に上がる)、ステップ,táijiē,3,名,,
1320,2,5,土豆,ジャガイモ,tǔdòu,3,名,,
1321,2,5,围巾,マフラー、スカーフ,wéijīn,3,名,,
1322,2,5,尾巴,尾、しっぽ,wěiba,3,名,,
1323,2,5,卧室,寝室,wòshì,3,名,,
1324,2,5,屋子,部屋,wūzi,3,名,,
1325,2,5,项链,首飾り、ネックレス,xiàngliàn,3,名,,
1326,2,5,小吃,軽食、おやつ,xiǎochī,3,名,,
1327,2,5,心脏,心臓,xīnzàng,3,名,,
1328,2,5,信封,封筒,xìnfēng,3,名,,
1329,2,5,阳台,ベランダ,yángtái,3,名,,
1330,2,5,影子,影、(鏡に映る)姿,yǐngzi,3,名,,
1331,2,5,玉米,トウモロコシ,yùmǐ,3,名,,
1332,2,5,竹子,竹(タケ),zhúzi,3,名,,
1333,2,5,登机牌,搭乗券,dēngjīpái,3,名,,
1334,2,5,救护车,救急車,jiùhùchē,3,名,,
1335,2,5,矿泉水,ミネラルウォーター,kuàngquánshuǐ,3,名,,
1336,2,5,麦克风,マイク、マイクロホン,màikèfēng,3,名,,
1337,2,5,明信片,はがき,míngxìnpiàn,3,名,,
1338,2,5,摩托车,オートバイ、モーターサイクル,mótuōchē,3,名,,
1339,2,5,牛仔裤,ジーンズ,niúzǎikù,3,名,,
1340,2,5,卫生间,トイレ,wèishēngjiān,3,名,,
1341,2,5,官,官(の);役人、器官,guān,3,名,,
1342,2,5,类,類、たぐい、似ている,lèi,3,名,,
1343,2,5,税,税,shuì,3,名,,
1344,2,5,团,集団;丸い(熟語で),tuán,3,名,,
1345,2,5,县,県(行政単位),xiàn,3,名,,
1346,2,5,本领,本領、手腕,běnlǐng,3,名,,
1347,2,5,本质,本質,běnzhì,3,名,,
1348,2,5,表面,表面,biǎomiàn,3,名,,
1349,2,5,部分,部分,bùfen,3,名,,
1350,2,5,部门,部門、(政府の)部局,bùmén,3,名,,
1351,2,5,财产,財産,cáichǎn,3,名,,
1352,2,5,程度,程度、レベル,chéngdù,3,名,,
1353,2,5,成果,成果,chéngguǒ,3,名,,
1354,2,5,地区,地区、地域,dìqū,3,名,,
1355,2,5,地位,地位,dìwèi,3,名,,
1356,2,5,方式,方式,fāngshì,3,名,,
1357,2,5,费用,費用,fèiyòng,3,名,,
1358,2,5,风格,風格、精神、スタイル、ジャンル,fēnggé,3,名,,
1359,2,5,风俗,風俗、風習,fēngsú,3,名,,
1360,2,5,概念,概念、コンセプト,gàiniàn,3,名,,
1361,2,5,工业,工業,gōngyè,3,名,,
1362,2,5,观点,観点,guāndiǎn,3,名,,
1363,2,5,观念,観念、思想,guānniàn,3,名,,
1364,2,5,规模,規模,guīmó,3,名,,
1365,2,5,规则,規則、規則的な,guīzé,3,名,,
1366,2,5,国籍,国籍,guójí,3,名,,
1367,2,5,核心,核心,héxīn,3,名,,
1368,2,5,价值,価値、値段,jiàzhí,3,名,,
1369,2,5,教训,教訓(を与える),jiàoxun,3,名,,
1370,2,5,阶段,段階、ステップ,jiēduàn,3,名,,
1371,2,5,经典,経典,jīngdiǎn,3,名,,
1372,2,5,军事,軍事,jūnshì,3,名,,
1373,2,5,会计,会計,kuàijì,3,名,,
1374,2,5,理由,理由,lǐyóu,3,名,,
1375,2,5,力量,力量,lìliang,3,名,,
1376,2,5,利润,利潤,lìrùn,3,名,,
1377,2,5,利息,利息,lìxī,3,名,,
1378,2,5,利益,利益,lìyì,3,名,,
1379,2,5,矛盾,矛盾,máodùn,3,名,,
1380,2,5,贸易,貿易,màoyì,3,名,,
1381,2,5,秘书,秘書,mìshū,3,名,,
1382,2,5,目标,目標、ゴール,mùbiāo,3,名,,
1383,2,5,农民,農民,nóngmín,3,名,,
1384,2,5,农业,農業,nóngyè,3,名,,
1385,2,5,平衡,平衡、バランス,pínghéng,3,名,,
1386,2,5,企业,企業,qǐyè,3,名,,
1387,2,5,情景,光景、情景,qíngjǐng,3,名,,
1388,2,5,情绪,情緒、(何かをしているときの)気分,qíngxù,3,名,,
1389,2,5,趋势,趨勢、動向,qūshì,3,名,,
1390,2,5,权利,権利,quánlì,3,名,,
1391,2,5,权力,権力,quánlì,3,名,,
1392,2,5,人类,人類,rénlèi,3,名,,
1393,2,5,人员,人員、スタッフ,rényuán,3,名,,
1394,2,5,日程,日程,rìchéng,3,名,,
1395,2,5,荣誉,栄誉,róngyù,3,名,,
1396,2,5,商品,商品,shāngpǐn,3,名,,
1397,2,5,商业,商業,shāngyè,3,名,,
1398,2,5,设备,設備,shèbèi,3,名,,
1399,2,5,事实,事実,shìshí,3,名,,
1400,2,5,事物,事物,shìwù,3,名,,
1401,2,5,手续,手続き,shǒuxù,3,名,,
1402,2,5,损失,損失、損をする,sǔnshī,3,名,,
1403,2,5,特征,特徴,tèzhēng,3,名,,
1404,2,5,土地,土地,tǔdì,3,名,,
1405,2,5,外交,外交,wàijiāo,3,名,,
1406,2,5,位置,位置,wèizhi,3,名,,
1407,2,5,现金,現金,xiànjīn,3,名,,
1408,2,5,现实,現実,xiànshí,3,名,,
1409,2,5,现象,現象,xiànxiàng,3,名,,
1410,2,5,项目,項目;プロジェクト、計画,xiàngmù,3,名,,
1411,2,5,效率,効率,xiàolǜ,3,名,,
1412,2,5,行动,行動、動作,xíngdòng,3,名,,
1413,2,5,形势,形勢、状況,xíngshì,3,名,,
1414,2,5,形式,形式,xíngshì,3,名,,
1415,2,5,行为,行為、行動24,xíngwéi,3,名,,
1416,2,5,形象,形象、イメージ,xíngxiàng,3,名,,
1417,2,5,形状,形状,xíngzhuàng,3,名,,
1418,2,5,性质,性質,xìngzhì,3,名,,
1419,2,5,虚心,虚心、先入観のない素直な心,xūxīn,3,名,,
1420,2,5,样式,様式,yàngshì,3,名,,
1421,2,5,业务,業務、ビジネス,yèwù,3,名,,
1422,2,5,疑问,疑問,yíwèn,3,名,,
1423,2,5,义务,義務,yìwù,3,名,,
1424,2,5,英雄,英雄,yīngxióng,3,名,,
1425,2,5,用途,用途,yòngtú,3,名,,
1426,2,5,语气,語気、話しぶり,yǔqì,3,名,,
1427,2,5,缘故,原因、わけ,yuángù,3,名,,
1428,2,5,原料,原料,yuánliào,3,名,,
1429,2,5,原则,原則,yuánzé,3,名,,
1430,2,5,运输,運輸、輸送(する),yùnshū,3,名,,
1431,2,5,灾害,災害,zāihài,3,名,,
1432,2,5,战争,戦争,zhànzhēng,3,名,,
1433,2,5,政策,政策、ポリシー,zhèngcè,3,名,,
1434,2,5,政府,政府,zhèngfǔ,3,名,,
1435,2,5,证据,証拠,zhèngjù,3,名,,
1436,2,5,政治,政治、行政機関,zhèngzhì,3,名,,
1437,2,5,制度,制度,zhìdù,3,名,,
1438,2,5,秩序,秩序,zhìxù,3,名,,
1439,2,5,主人,主人、雇い主、所有者,zhǔrén,3,名,,
1440,2,5,主席,主席、議長,zhǔxí,3,名,,
1441,2,5,状况,状況,zhuàngkuàng,3,名,,
1442,2,5,状态,状態,zhuàngtài,3,名,,
1443,2,5,资格,資格、キャリア,zīgé,3,名,,
1444,2,5,资金,資金,zījīn,3,名,,
1445,2,5,资源,資源,zīyuán,3,名,,
1446,2,5,宗教,宗教,zōngjiào,3,名,,
1447,2,5,总裁,総裁(政府や大企業の),zǒngcái,3,名,,
1448,2,5,总理,総理、首相,zǒnglǐ,3,名,,
1449,2,5,总统,総統、大統領,zǒngtǒng,3,名,,
1450,2,5,祖国,祖国,zǔguó,3,名,,
1451,2,5,祖先,祖先、先祖,zǔxiān,3,名,,
1452,2,5,丁,成年男子、人口;さいの目切り,dīng,3,名,,
1453,2,5,差别,違い、隔たり,chābié,3,名,,
1454,2,5,措施,措置、施策,cuòshī,3,名,,
1455,2,5,对方,先方、相手側,duìfāng,3,名,,
1456,2,5,法院,裁判所,fǎyuàn,3,名,,
1457,2,5,功夫,技量;カンフー,gōngfu,3,名,,
1458,2,5,功能,機能、効能,gōngnéng,3,名,,
1459,2,5,结构,構造、構成,jiégòu,3,名,,
1460,2,5,粮食,食糧,liángshi,3,名,,
1461,2,5,命运,運命、命運,mìngyùn,3,名,,
1462,2,5,人事,人のなしうること、世間の出来事、人事,rénshì,3,名,,
1463,2,5,软件,ソフトウェア,ruǎnjiàn,3,名,,
1464,2,5,设施,施設,shèshī,3,名,,
1465,2,5,身份,身分、地位,shēnfèn,3,名,,
1466,2,5,事情,事、用事,shìqing,3,名,,
1467,2,5,手工,手仕事,shǒugōng,3,名,,
1468,2,5,系统,系統、システム、人脈,xìtǒng,3,名,,
1469,2,5,行人,通行人,xíngrén,3,名,,
1470,2,5,整体,全体、総体,zhěngtǐ,3,名,,
1471,2,5,中心,センター、主要部,zhōngxīn,3,名,,
1472,2,5,资料,資料、材料、データ,zīliào,3,名,,
1473,2,5,咨询,情報提供、コンサルティング、諮問,zīxún,3,名,,
1474,2,5,标志,標識;表す25,biāozhì,3,名,,
1475,2,5,产品,製品,chǎnpǐn,3,名,,
1476,2,5,程序,手続き、フロー,chéngxù,3,名,,
1477,2,5,错误,誤り,cuòwù,3,名,,
1478,2,5,单位,所属先(職場などの),dānwèi,3,名,,
1479,2,5,发票,領収書(税務署の発行するもの),fāpiào,3,名,,
1480,2,5,罚款,罰金(をとる),fákuǎn,3,名,,
1481,2,5,方案,プラン、計画,fāngàn,3,名,,
1482,2,5,风险,危険,fēngxiǎn,3,名,,
1483,2,5,工厂,工場,gōngchǎng,3,名,,
1484,2,5,工人,労働者,gōngrén,3,名,,
1485,2,5,股票,株券,gǔpiào,3,名,,
1486,2,5,规矩,規則(不文の);まじめな,guīju,3,名,,
1487,2,5,规律,法則,guīlǜ,3,名,,
1488,2,5,海关,税関,hǎiguān,3,名,,
1489,2,5,行业,業種、職種,hángyè,3,名,,
1490,2,5,合同,契約、契約書,hétong,3,名,,
1491,2,5,后果,結果(悪い)、影響,hòuguǒ,3,名,,
1492,2,5,汇率,為替レート,huìlǜ,3,名,,
1493,2,5,集体,集合体、組織、社会,jítǐ,3,名,,
1494,2,5,纪律,規律、決まり,jìlǜ,3,名,,
1495,2,5,简历,履歴、略歴,jiǎnlì,3,名,,
1496,2,5,郊区,近郊地区,jiāoqū,3,名,,
1497,2,5,角色,役割、キャラクター,juésè,3,名,,
1498,2,5,空闲,暇(になる),kòngxián,3,名,,
1499,2,5,毛病,故障、欠点,máobìng,3,名,,
1500,2,5,名牌,有名ブランド、名札,míngpái,3,名,,
1501,2,5,能源,エネルギー、エネルギー源,néngyuán,3,名,,
1502,2,5,人才,人材,réncái,3,名,,
1503,2,5,时尚,流行、はやり,shíshàng,3,名,,
1504,2,5,收据,レシート、受領書,shōujù,3,名,,
1505,2,5,提纲,大綱、要綱,tígāng,3,名,,
1506,2,5,文件,書類,wénjiàn,3,名,,
1507,2,5,细节,細かいこと、ディテール,xìjié,3,名,,
1508,2,5,小偷,スリ、こそ泥,xiǎotōu,3,名,,
1509,2,5,休闲,レジャー、のんびり休む,xiūxián,3,名,,
1510,2,5,因素,要素、要因,yīnsù,3,名,,
1511,2,5,硬件,ハードウェア,yìngjiàn,3,名,,
1512,2,5,账户,口座、(会計の)勘定科目,zhànghù,3,名,,
1513,2,5,证件,証明書,zhèngjiàn,3,名,,
1514,2,5,支票,小切手,zhīpiào,3,名,,
1515,2,5,执照,免許証、許可証,zhízhào,3,名,,
1516,2,5,专家,専門家、名人,zhuānjiā,3,名,,
1517,2,5,罪犯,犯人、犯罪者,zuìfàn,3,名,,
1518,2,5,工程师,エンジニア,gōngchéngshī,3,名,,
1519,2,5,表情,表情,biǎoqíng,3,名,,
1520,2,5,常识,常識,chángshí,3,名,,
1521,2,5,待遇,待遇、人を遇する,dàiyù,3,名,,
1522,2,5,道德,道徳,dàodé,3,名,,
1523,2,5,妇女,婦女、婦人,fùnǚ,3,名,,
1524,2,5,感想,感想,gǎnxiǎng,3,名,,
1525,2,5,个人,個人、私,gèrén,3,名,,
1526,2,5,个性,個性、特性,gèxìng,3,名,,
1527,2,5,话题,話題,huàtí,3,名,,
1528,2,5,皇帝,皇帝,huángdì,3,名,,
1529,2,5,皇后,皇后,huánghòu,3,名,,
1530,2,5,婚礼,婚礼、結婚式,hūnlǐ,3,名,,
1531,2,5,婚姻,婚姻,hūnyīn,3,名,,
1532,2,5,交际,交際、コミュニケーション,jiāojì,3,名,,
1533,2,5,恋爱,恋愛,liànài,3,名,,
1534,2,5,魅力,魅力,mèilì,3,名,,
1535,2,5,内科,内科(医),nèikē,3,名,,
1536,2,5,前途,前途、将来性,qiántú,3,名,,
1537,2,5,青春,青春,qīngchūn,3,名,,
1538,2,5,人口,人口、家族の人数,rénkǒu,3,名,,
1539,2,5,人生,人生,rénshēng,3,名,,
1540,2,5,人物,人物,rénwù,3,名,,
1541,2,5,双方,双方,shuāngfāng,3,名,,
1542,2,5,王子,王子,wángzǐ,3,名,,
1543,2,5,心理,心理,xīnlǐ,3,名,,
1544,2,5,兄弟,兄弟,xiōngdì,3,名,,
1545,2,5,宴会,宴会,yànhuì,3,名,,
1546,2,5,勇气,勇気,yǒngqì,3,名,,
1547,2,5,优势,優勢、強み,yōushì,3,名,,
1548,2,5,愿望,願望,yuànwàng,3,名,,
1549,2,5,运气,運、幸運,yùnqi,3,名,,
1550,2,5,自信,自信(がある),zìxìn,3,名,,
1551,2,5,解说员,解説員、コメンテーター,jiěshuōyuán,3,名,,
1552,2,5,俱乐部,倶楽部、クラブ,jùlèbù,3,名,,
1553,2,5,青少年,青少年,qīngshàonián,3,名,,
1554,2,5,敌人,敵,dírén,3,名,,
1555,2,5,姑姑,おばさん(父の姉妹),gūgu,3,名,,
1556,2,5,纪念,記念(する、の),jìniàn,3,名,,
1557,2,5,名片,名刺,míngpiàn,3,名,,
1558,2,5,女士,女史(女性に対する敬称),nǚshì,3,名,,
1559,2,5,士兵,兵士,shìbīng,3,名,,
1560,2,5,孙子,孫;孫子(固有名詞),sūnzi,3,名,,
1561,2,5,志愿者,ボランティア、志願者,zhìyuànzhě,3,名,,
1562,2,5,节,...記念日,jié,3,名,,
1563,2,5,爱心,真心,àixīn,3,名,,
1564,2,5,对手,相手、ライバル,duìshǒu,3,名,,
1565,2,5,对象,恋人、フィアンセ,duìxiàng,3,名,,
1566,2,5,房东,家主、大家,fángdōng,3,名,,
1567,2,5,废话,無駄話、無駄口,fèihuà,3,名,,
1568,2,5,公主,姫,gōngzhǔ,3,名,,
1569,2,5,姑娘,未婚の女性,gūniang,3,名,,
1570,2,5,光临,お越し、ご来訪,guānglín,3,名,,
1571,2,5,伙伴,相棒、パートナー,huǒbàn,3,名,,
1572,2,5,嘉宾,賓客、来賓,jiābīn,3,名,,
1573,2,5,舅舅,おじさん(母の兄弟),jiùjiu,3,名,,
1574,2,5,聚会,集まり、集まる,jùhuì,3,名,,
1575,2,5,老板,店の主人,lǎobǎn,3,名,,
1576,2,5,姥姥,祖母(母方の),lǎolao,3,名,,
1577,2,5,年纪,年齢,niánjì,3,名,,
1578,2,5,身材,体格,shēncái,3,名,,
1579,2,5,太太,奥さん,tàitai,3,名,,
1580,2,5,信息,便り、音信、情報,xìnxī,3,名,,
1581,2,5,胆小鬼,臆病者,dǎnxiǎoguǐ,3,名,,
1582,2,5,老百姓,平民、庶民,lǎobǎixìng,3,名,,
1583,2,5,小伙子,若者,xiǎohuǒzi,3,名,,
1584,2,5,一辈子,一生、生涯,yíbèizi,3,名,,
1585,2,5,诗,詩,shī,3,名,,
1586,2,5,本科,本科(大学の),běnkē,3,名,,
1587,2,5,比例,比例、割合,bǐlì,3,名,,
1588,2,5,成分,成分、出身階級,chéngfèn,3,名,,
1589,2,5,成语,成語、ことわざ,chéngyǔ,3,名,,
1590,2,5,传说,伝説,chuánshuō,3,名,,
1591,2,5,传统,伝統,chuántǒng,3,名,,
1592,2,5,单元,単元、ユニット,dānyuán,3,名,,
1593,2,5,道理,道理、理由,dàolǐ,3,名,,
1594,2,5,地理,地理,dìlǐ,3,名,,
1595,2,5,古典,古典,gǔdiǎn,3,名,,
1596,2,5,固体,固体,gùtǐ,3,名,,
1597,2,5,化学,化学,huàxué,3,名,,
1598,2,5,讲座,講座,jiǎngzuò,3,名,,
1599,2,5,角度,角度,jiǎodù,3,名,,
1600,2,5,教材,教材,jiàocái,3,名,,
1601,2,5,结论,結論,jiélùn,3,名,,
1602,2,5,课程,課程、カリキュラム,kèchéng,3,名,,
1603,2,5,理论,理論,lǐlùn,3,名,,
1604,2,5,立方,立方、三乗、立方体,lìfāng,3,名,,
1605,2,5,领域,領域、分野,lǐngyù,3,名,,
1606,2,5,论文,論文,lùnwén,3,名,,
1607,2,5,美术,美術;造形美術,měishù,3,名,,
1608,2,5,面积,面積,miànjī,3,名,,
1609,2,5,平方,平方,píngfāng,3,名,,
1610,2,5,奇迹,奇跡,qíjì,3,名,,
1611,2,5,神话,神話,shénhuà,3,名,,
1612,2,5,实话,実話、本当の話,shíhuà,3,名,,
1613,2,5,思想,思想,sīxiǎng,3,名,,
1614,2,5,题目,題目、表題;試験問題,tímù,3,名,,
1615,2,5,体积,体積,tǐjī,3,名,,
1616,2,5,文具,文具,wénjù,3,名,,
1617,2,5,文明,文明(的な),wénmíng,3,名,,
1618,2,5,文学,文学,wénxué,3,名,,
1619,2,5,物理,物理,wùlǐ,3,名,,
1620,2,5,学期,学期,xuéqī,3,名,,
1621,2,5,学术,学術,xuéshù,3,名,,
1622,2,5,学问,学問,xuéwèn,3,名,,
1623,2,5,意义,意義、意味,yìyì,3,名,,
1624,2,5,娱乐,娯楽,yúlè,3,名,,
1625,2,5,宇宙,宇宙,yǔzhòu,3,名,,
1626,2,5,哲学,哲学,zhéxué,3,名,,
1627,2,5,真理,真理,zhēnlǐ,3,名,,
1628,2,5,智慧,智慧、知恵,zhìhuì,3,名,,
1629,2,5,字幕,字幕,zìmù,3,名,,
1630,2,5,作品,作品,zuòpǐn,3,名,,
1631,2,5,博物馆,博物館,bówùguǎn,3,名,,
1632,2,5,开幕式,開幕式,kāimùshì,3,名,,
1633,2,5,太极拳,太極拳,tàijíquán,3,名,,
1634,2,5,圈,輪、丸、円;囲う,quān,3,名,,
1635,2,5,操场,運動場,cāochǎng,3,名,,
1636,2,5,教练,コーチ、訓練(する),jiàoliàn,3,名,,
1637,2,5,排球,バレーボール,páiqiú,3,名,,
1638,2,5,声调,声調,shēngdiào,3,名,,
1639,2,5,名胜古迹,名所旧跡,míngshènggǔjì,3,名,,
1640,2,5,系,学部(大学の)、学科,xì,3,名,,
1641,2,5,标点,句読点(をつける),biāodiǎn,3,名,,
1642,2,5,朝代,王朝時代、...朝,cháodài,3,名,,
1643,2,5,尺子,物差し,chǐzi,3,名,,
1644,2,5,故事,物語、話,gùshi,3,名,,
1645,2,5,冠军,優勝、チャンピオン,guànjūn,3,名,,
1646,2,5,决赛,決勝戦,juésài,3,名,,
1647,2,5,逻辑,論理、ロジック,luóji,3,名,,
1648,2,5,谜语,なぞなぞ,míyǔ,3,名,,
1649,2,5,明星,スター、セレブ,míngxīng,3,名,,
1650,2,5,球迷,ファン(球技の),qiúmí,3,名,,
1651,2,5,试卷,答案用紙28,shìjuàn,3,名,,
1652,2,5,戏剧,戯曲、演劇、芝居,xìjù,3,名,,
1653,2,5,橡皮,消しゴム,xiàngpí,3,名,,
1654,2,5,象棋,中国将棋,xiàngqí,3,名,,
1655,2,5,班主任,クラスの担任,bānzhǔrèn,3,名,,
1656,2,5,动画片,アニメーション,dònghuàpiān,3,名,,
1657,2,5,健身房,スポーツジム、フィットネスクラブ,jiànshēnfáng,3,名,,
1658,2,5,连续剧,連続ドラマ,liánxùjù,3,名,,
1659,2,5,岸,岸,àn,3,名,,
1660,2,5,岛,島,dǎo,3,名,,
1661,2,5,顶,頂、てっぺん;頭にのせる,dǐng,3,名,,
1662,2,5,洞,穴;洞察する,dòng,3,名,,
1663,2,5,狼,狼,láng,3,名,,
1664,2,5,雷,雷,léi,3,名,,
1665,2,5,龙,竜、恐竜,lóng,3,名,,
1666,2,5,蛇,蛇(ヘビ),shé,3,名,,
1667,2,5,铜,銅,tóng,3,名,,
1668,2,5,雾,霧、ガス,wù,3,名,,
1669,2,5,夜,夜,yè,3,名,,
1670,2,5,银,銀,yín,3,名,,
1671,2,5,地震,地震,dìzhèn,3,名,,
1672,2,5,钢铁,鋼鉄(のような),gāngtiě,3,名,,
1673,2,5,光明,光明、希望に満ちた,guāngmíng,3,名,,
1674,2,5,黄金,黄金、金,huángjīn,3,名,,
1675,2,5,景色,景色,jǐngsè,3,名,,
1676,2,5,陆地,陸地,lùdì,3,名,,
1677,2,5,品种,品種,pǐnzhǒng,3,名,,
1678,2,5,沙漠,砂漠,shāmò,3,名,,
1679,2,5,天空,空、大空,tiānkōng,3,名,,
1680,2,5,物质,物質,wùzhì,3,名,,
1681,2,5,液体,液体,yètǐ,3,名,,
1682,2,5,重量,重量、重さ,zhòngliàng,3,名,,
1683,2,5,池子,池、浴槽,chízi,3,名,,
1684,2,5,大象,象,dàxiàng,3,名,,
1685,2,5,鸽子,ハト(鳥),gēzi,3,名,,
1686,2,5,棉花,綿花,miánhua,3,名,,
1687,2,5,石头,石、岩,shítou,3,名,,
1688,2,5,病毒,ウイルス,bìngdú,3,名,,
1689,2,5,彩虹,虹,cǎihóng,3,名,,
1690,2,5,翅膀,羽、翼,chìbǎng,3,名,,
1691,2,5,蝴蝶,蝶,húdié,3,名,,
1692,2,5,沙滩,砂丘、砂州,shātān,3,名,,
1693,2,5,闪电,稲妻、電撃,shǎndiàn,3,名,,
1694,2,5,上,上,shàng,3,名,,
1695,2,5,所,所、場所;...軒(家屋・学校など),suǒ,3,名,,
1696,2,5,华裔,中国とその隣国;外国生まれで外国籍の中国系住民,huáyì,3,名,,
1697,2,5,古代,古代,gǔdài,3,名,,
1698,2,5,近代,近代,jìndài,3,名,,
1699,2,5,年代,年代、時代,niándài,3,名,,
1700,2,5,期间,期間,qījiān,3,名,,
1701,2,5,时代,時代,shídài,3,名,,
1702,2,5,时期,時期,shíqī,3,名,,
1703,2,5,同时,同時,tóngshí,3,名,,
1704,2,5,元旦,元旦,yuándàn,3,名,,
1705,2,5,中旬,中旬,zhōngxún,3,名,,
1706,2,5,最初,最初、はじめ,zuìchū,3,名,,
1707,2,5,国庆节,国慶節,Guóqìngjié,3,名,,
1708,2,5,当代,当代、現代,dāngdài,3,名,,
1709,2,5,目前,目下、当面,mùqián,3,名,,
1710,2,5,日期,期日、日付29,rìqī,3,名,,
1711,2,5,时刻,時刻;時々刻々、たえず,shíkè,3,名,,
1712,2,5,未来,未来、いまから,wèilái,3,名,,
1713,2,5,傍晚,夕方,bàngwǎn,3,名,,
1714,2,5,除夕,大晦日,chúxī,3,名,,
1715,2,5,从前,以前、昔,cóngqián,3,名,,
1716,2,5,公元,西暦;紀元後(AD),gōngyuán,3,名,,
1717,2,5,如今,近頃、今のところ,rújīn,3,名,,
1718,2,5,礼拜天,礼拝日;日曜日,lǐbàitiān,3,名,,
1719,2,5,某,某、ある...、なにがし,mǒu,4,代,,
1720,2,5,彼此,お互い、双方,bǐcǐ,4,代,,
1721,2,5,其余,残り(のもの),qíyú,4,代,,
1722,2,5,丙,丙;第3の,bǐng,9,数,,
1723,2,5,甲,甲;もっとも優れた,jiǎ,9,数,,
1724,2,5,乙,乙,yǐ,9,数,,
1725,2,5,倍,...倍,bèi,12,量,,
1726,2,5,滴,...滴(しずくを数える),dī,12,量,,
1727,2,5,堆,...山(積み上げた物、群れをなした人を数える),duī,12,量,,
1728,2,5,幅,...幅(布・絵などを数える),fú,12,量,,
1729,2,5,根,...本(細長い物を数える),gēn,12,量,,
1730,2,5,颗,...粒(粒状の物を数える),kē,12,量,,
1731,2,5,克,...グラム,kè,12,量,,
1732,2,5,毛,通貨の単位、角(口語),máo,12,量,,
1733,2,5,秒,...秒,miǎo,12,量,,
1734,2,5,批,...件(大口の商品、ひとまとまりの人を数える),pī,12,量,,
1735,2,5,片,...ひら(平たくて大きくない物、かけらを数える),piàn,12,量,,
1736,2,5,升,...リットル、升,shēng,12,量,,
1737,2,5,套,...セット(セットになっている物を数える),tào,12,量,,
1738,2,5,支,...本(棒状の物を数える),zhī,12,量,,
1739,2,5,册,...冊;冊子,cè,12,量,,
1740,2,5,吨,...トン(重さ),dūn,12,量,,
1741,2,5,粒,...粒;粒,lì,12,量,,
1742,2,5,阵,一陣の...;陣地,zhèn,12,量,,
1743,2,5,厘米,...センチメートル,límǐ,12,量,,
1744,2,5,匹,...匹(馬、反物など);匹敵する,pǐ,12,量,,
1745,2,5,届,...期、...回(定期的に開催される会合、卒業年度など);至,jiè,12,量,,
1746,2,5,趟,...回(...往復)、...本(駅に発着する列車),tàng,12,量,,
1747,2,5,插,挿す,chā,1,動,,
1748,2,5,吹,吹く,chuī,1,動,,
1749,2,5,倒,倒れる、失敗する,dào,1,動,,
1750,2,5,蹲,うずくまる,dūn,1,動,,
1751,2,5,举,挙げる、提示する,jǔ,1,動,,
1752,2,5,切,切る,qiē,1,動,,
1753,2,5,伸,伸ばす,shēn,1,動,,
1754,2,5,逃,逃げる,táo,1,動,,
1755,2,5,吐,吐く、吐き出す,tù,1,動,,
1756,2,5,摇,揺れる、揺り動かす,yáo,1,動,,
1757,2,5,晕,目がくらむ、気絶する,yūn,1,動,,
1758,2,5,呼吸,呼吸する,hūxī,1,動,,
1759,2,5,微笑,微笑(する),wēixiào,1,動,,
1760,2,5,扶,支える(手で)、助け起こす,fú,1,動,,
1761,2,5,退,退く,tuì,1,動,,
1762,2,5,咬,噛む,yǎo,1,動,,
1763,2,5,摆,置く、ならべる,bǎi,1,動,,
1764,2,5,踩,踏む、踏みつける,cǎi,1,動,,
1765,2,5,递,手渡す,dì,1,動,,
1766,2,5,逗,笑わせる、あやす、(感情を)起こさせる;とどまる、逗留,dòu,1,動,,
1767,2,5,喊,大声をあげる、人をよぶ,hǎn,1,動,,
1768,2,5,拍,手で軽く叩く、撮影する,pāi,1,動,,
1769,2,5,披,肩にはおる30,pī,1,動,,
1770,2,5,瞧,見る、「それ見ろ」,qiáo,1,動,,
1771,2,5,烫,熱くする、火傷する、パーマをかける,tàng,1,動,,
1772,2,5,提,手に提げて持つ、提起する,tí,1,動,,
1773,2,5,闻,匂いをかぐ,wén,1,動,,
1774,2,5,瞎,失明(する)、めくらめっぽう,xiā,1,動,,
1775,2,5,歇,休む,xiē,1,動,,
1776,2,5,睁,目を開ける、目をみはる,zhēng,1,動,,
1777,2,5,装,(1)積む、詰める(2)取り付ける(3)装う,zhuāng,1,動,,
1778,2,5,点头,うなづく,diǎntóu,1,動,,
1779,2,5,发抖,震える,fādǒu,1,動,,
1780,2,5,恨,恨む、悔やむ,hèn,1,動,,
1781,2,5,畏,畏れる、恐れる,wèi,1,動,,
1782,2,5,爱护,愛護する,àihù,1,動,,
1783,2,5,爱惜,愛惜する、大切にする,àixī,1,動,,
1784,2,5,愤怒,憤怒(する、している),fènnù,1,動,,
1785,2,5,决心,決心(する),juéxīn,1,動,,
1786,2,5,满足,満足する,mǎnzú,1,動,,
1787,2,5,期待,期待する,qīdài,1,動,,
1788,2,5,轻视,軽視する,qīngshì,1,動,,
1789,2,5,思考,思考する,sīkǎo,1,動,,
1790,2,5,逃避,逃避する,táobì,1,動,,
1791,2,5,赞成,賛成する,zànchéng,1,動,,
1792,2,5,赞美,賛美(する),zànměi,1,動,,
1793,2,5,主张,主張する、考え,zhǔzhāng,1,動,,
1794,2,5,专心,専心する、脇目もふらず...する,zhuānxīn,1,動,,
1795,2,5,感激,感謝する、(人の好意に)感激する,gǎnjī,1,動,,
1796,2,5,想象,想像(する),xiǎngxiàng,1,動,,
1797,2,5,嚷,大声でわめく、しかる,rǎng,1,動,,
1798,2,5,操心,気をつかう、心配する,cāoxīn,1,動,,
1799,2,5,发愁,心配する、何かを思って憂鬱になる,fāchóu,1,動,,
1800,2,5,感受,感じる、(影響を)受ける,gǎnshòu,1,動,,
1801,2,5,忽视,軽視する,hūshì,1,動,,
1802,2,5,怀念,懐かしく思う,huáiniàn,1,動,,
1803,2,5,盼望,切望する,pànwàng,1,動,,
1804,2,5,企图,企む,qǐtú,1,動,,
1805,2,5,体会,体得する,tǐhuì,1,動,,
1806,2,5,想念,懐かしむ、恋しがる,xiǎngniàn,1,動,,
1807,2,5,知道,知っている、わかっている,zhīdào,1,動,,
1808,2,5,自愿,自由意志(で...する),zìyuàn,1,動,,
1809,2,5,与,与える、助ける、...と,yǔ,1,動,,
1810,2,5,炒,炒める、料理を作る,chǎo,1,動,,
1811,2,5,除,除く;割り算する,chú,1,動,,
1812,2,5,冻,凍る、凍える,dòng,1,動,,
1813,2,5,挥,揮う(筆や刀を)、(涙や汗を)拭う、指揮する,huī,1,動,,
1814,2,5,卷,巻く;ひと巻きの...,juǎn,1,動,,
1815,2,5,漏,漏れる、漏らす,lòu,1,動,,
1816,2,5,醉,酒に酔う,zuì,1,動,,
1817,2,5,成长,成長する,chéngzhǎng,1,動,,
1818,2,5,存在,存在する,cúnzài,1,動,,
1819,2,5,冒险,冒険する,màoxiǎn,1,動,,
1820,2,5,疲劳,疲労(する)、疲れた,píláo,1,動,,
1821,2,5,破坏,破壊する,pòhuài,1,動,,
1822,2,5,移动,移動(する),yídòng,1,動,,
1823,2,5,治疗,治療する,zhìliáo,1,動,,
1824,2,5,装饰,装飾する、装う,zhuāngshì,1,動,,
1825,2,5,闯,突進する、飛び込む,chuǎng,1,動,,
1826,2,5,存,存在する、保存する、貯める、心に抱く,cún,1,動,,
1827,2,5,煎,油で焼き色をつける;煎じる,jiān,1,動,,
1828,2,5,煮,煮る、ゆでる,zhǔ,1,動,,
1829,2,5,关闭,閉じる(門を)、休業する、廃業する,guānbì,1,動,,
1830,2,5,幻想,空想する;幻想,huànxiǎng,1,動,,
1831,2,5,恢复,恢復する、回復する,huīfù,1,動,,
1832,2,5,迷路,迷う(道に),mílù,1,動,,
1833,2,5,失去,失う,shīqù,1,動,,
1834,2,5,拥抱,抱擁する,yōngbào,1,動,,
1835,2,5,油炸,油で揚げる,yóuzhá,1,動,,
1836,2,5,拆,解体する、壊してバラバラにする,chāi,1,動,,
1837,2,5,冲,すすぐ、(湯を)注ぐ、ぶつかる;要衝,chōng,1,動,,
1838,2,5,挡,阻む、抵抗する,dǎng,1,動,,
1839,2,5,滚,沸騰する、転がる、水が勢い良く流れる,gǔn,1,動,,
1840,2,5,捡,拾う,jiǎn,1,動,,
1841,2,5,浇,水をかける,jiāo,1,動,,
1842,2,5,砍,たたき切る(斧で),kǎn,1,動,,
1843,2,5,拦,遮る,lán,1,動,,
1844,2,5,飘,ひらひらと漂う,piāo,1,動,,
1845,2,5,牵,引っ張る(人や家畜を),qiān,1,動,,
1846,2,5,抢,奪う、我先に...する,qiǎng,1,動,,
1847,2,5,绕,巻く、ぐるぐる回る,rào,1,動,,
1848,2,5,洒,まく(液体を)、こぼれる,sǎ,1,動,,
1849,2,5,晒,晒す(日に),shài,1,動,,
1850,2,5,摔,投げ捨てる、落下する、倒れる,shuāi,1,動,,
1851,2,5,甩,投げる、振る,shuǎi,1,動,,
1852,2,5,撕,引き裂く,sī,1,動,,
1853,2,5,像,(1)似ている(2)...のようだ,xiàng,1,動,,
1854,2,5,摘,摘みとる、選びとる,zhāi,1,動,,
1855,2,5,涨,高くなる(水位や物価が)、漲る,zhǎng,1,動,,
1856,2,5,答应,応じる、応える、同意する,dāying,1,動,,
1857,2,5,打听,尋ねる、問い合わせる,dǎting,1,動,,
1858,2,5,度过,過ごす(時間を),dùguò,1,動,,
1859,2,5,躲藏,逃げ隠れる、身を隠す,duǒcáng,1,動,,
1860,2,5,放松,リラックス(する),fàngsōng,1,動,,
1861,2,5,付款,支払う(金を),fùkuǎn,1,動,,
1862,2,5,拐弯,カーブを曲がる,guǎiwān,1,動,,
1863,2,5,节省,節約する,jiéshěng,1,動,,
1864,2,5,结账,勘定を払う、決算する,jiézhàng,1,動,,
1865,2,5,戒烟,禁煙する,jièyān,1,動,,
1866,2,5,来自,...から来る,láizì,1,動,,
1867,2,5,浏览,ざっと見る、ブラウズする,liúlǎn,1,動,,
1868,2,5,排队,列を作る,páiduì,1,動,,
1869,2,5,碰见,出くわす,pèngjiàn,1,動,,
1870,2,5,签字,サイン(する)、署名,qiānzì,1,動,,
1871,2,5,去世,世を去る、死ぬ,qùshì,1,動,,
1872,2,5,受到,受ける、被る,shòudào,1,動,,
1873,2,5,受伤,負傷する,shòushāng,1,動,,
1874,2,5,往返,往復する,wǎngfǎn,1,動,,
1875,2,5,寻找,探す,xúnzhǎo,1,動,,
1876,2,5,拥挤,押し合う(人などが)、混雑,yōngjǐ,1,動,,
1877,2,5,粘贴,貼る、(PC)ペーストする,zhāntiē,1,動,,
1878,2,5,着凉,風邪をひく,zháoliáng,1,動,,
1879,2,5,抓紧,しっかりつかむ、しっかり注意する,zhuājǐn,1,動,,
1880,2,5,催,催促する、せきたてる,cuī,1,動,,
1881,2,5,钓,釣る,diào,1,動,,
1882,2,5,骂,罵る、しかる,mà,1,動,,
1883,2,5,娶,娶る、(男性が)結婚する,qǔ,1,動,,
1884,2,5,劝,勧める、励ます,quàn,1,動,,
1885,2,5,沉默,沈黙(する)、無口な,chénmò,1,動,,
1886,2,5,称赞,称賛する,chēngzàn,1,動,,
1887,2,5,刺激,刺激(する),cìjī,1,動,,
1888,2,5,服从,服従する,fúcóng,1,動,,
1889,2,5,鼓舞,鼓舞(する)、興奮(する),gǔwǔ,1,動,,
1890,2,5,假装,仮装する、...のふりをする,jiǎzhuāng,1,動,,
1891,2,5,交换,交換する,jiāohuàn,1,動,,
1892,2,5,接触,接触(する),jiēchù,1,動,,
1893,2,5,接待,接待する,jiēdài,1,動,,
1894,2,5,尽力,尽力する,jìnlì,1,動,,
1895,2,5,敬爱,敬愛する,jìngài,1,動,,
1896,2,5,离婚,離婚する,líhūn,1,動,,
1897,2,5,录音,録音する,lùyīn,1,動,,
1898,2,5,落后,遅れる(人に比べて),luòhòu,1,動,,
1899,2,5,命令,命令する,mìnglìng,1,動,,
1900,2,5,庆祝,慶祝する、祝う,qìngzhù,1,動,,
1901,2,5,热爱,熱愛する,rèài,1,動,,
1902,2,5,射击,射撃する,shèjī,1,動,,
1903,2,5,摄影,撮影する,shèyǐng,1,動,,
1904,2,5,胜利,勝利する,shènglì,1,動,,
1905,2,5,推荐,推薦する,tuījiàn,1,動,,
1906,2,5,议论,議論する,yìlùn,1,動,,
1907,2,5,祝福,祝福する,zhùfú,1,動,,
1908,2,5,尊敬,尊敬する,zūnjìng,1,動,,
1909,2,5,称,...と称する、呼ぶ;(目方を)量る,chēng,1,動,,
1910,2,5,嫁,嫁がせる、転嫁する,jià,1,動,,
1911,2,5,欠,欠けている、借りがある;あくび,qiàn,1,動,,
1912,2,5,告别,別れを告げる、告別する,gàobié,1,動,,
1913,2,5,滑冰,スケートをする,huábīng,1,動,,
1914,2,5,象征,象徴(する),xiàngzhēng,1,動,,
1915,2,5,招待,接待する,zhāodài,1,動,,
1916,2,5,争论,論争する,zhēnglùn,1,動,,
1917,2,5,哈,息をはあと吐く、あははと笑う,hā,1,動,,
1918,2,5,吻,接吻する;唇,wěn,1,動,,
1919,2,5,安慰,慰める,ānwèi,1,動,,
1920,2,5,安装,取り付ける、インストールする,ānzhuāng,1,動,,
1921,2,5,吵架,口喧嘩をする,chǎojià,1,動,,
1922,2,5,称呼,呼ぶ;呼称(名前を),chēnghu,1,動,,
1923,2,5,承担,引き受ける(仕事や義務を),chéngdān,1,動,,
1924,2,5,等待,待つ,děngdài,1,動,,
1925,2,5,等候,待つ,děnghòu,1,動,,
1926,2,5,奋斗,奮闘する,fèndòu,1,動,,
1927,2,5,关怀,関心を寄せる、(上の者が下の者を)思いやる,guānhuái,1,動,,
1928,2,5,合影,いっしょに写真を撮る,héyǐng,1,動,,
1929,2,5,胡说,たわごとをいう,húshuō,1,動,,
1930,2,5,驾驶,操縦する,jiàshǐ,1,動,,
1931,2,5,借口,口実にする,jièkǒu,1,動,,
1932,2,5,佩服,敬服する,pèifú,1,動,,
1933,2,5,说服,口説く、説得する,shuōfú,1,動,,
1934,2,5,疼爱,可愛がる(子供を),téngài,1,動,,
1935,2,5,体贴,思いやる(他人の身になって),tǐtiē,1,動,,
1936,2,5,推辞,辞退する,tuīcí,1,動,,
1937,2,5,退休,退職する(定年などで)、引退する,tuìxiū,1,動,,
1938,2,5,威胁,威嚇(する)、脅威,wēixié,1,動,,
1939,2,5,问候,挨拶する,wènhòu,1,動,,
1940,2,5,下载,ダウンロードする,xiàzǎi,1,動,,
1941,2,5,相处,付き合う(生活や仕事を共にする),xiāngchǔ,1,動,,
1942,2,5,迎接,出迎える,yíngjiē,1,動,,
1943,2,5,应聘,招聘に応じる、応募する,yìngpìn,1,動,,
1944,2,5,犹豫,ためらう,yóuyù,1,動,,
1945,2,5,责备,責める,zébèi,1,動,,
1946,2,5,占线,話し中である(電話が),zhànxiàn,1,動,,
1947,2,5,召开,招集する(会議を)、開く,zhàokāi,1,動,,
1948,2,5,珍惜,大事にする,zhēnxī,1,動,,
1949,2,5,嘱咐,言いつける、言い聞かせる,zhǔfù,1,動,,
1950,2,5,转告,伝言する、伝える,zhuǎngào,1,動,,
1951,2,5,救,救う,jiù,1,動,,
1952,2,5,夸,誇張する,kuā,1,動,,
1953,2,5,杀,殺す,shā,1,動,,
1954,2,5,把握,把握する、握る;(成功の)自信,bǎwò,1,動,,
1955,2,5,包含,包含する、含む、含まれる,bāohán,1,動,,
1956,2,5,保持,保持する,bǎochí,1,動,,
1957,2,5,保存,保存する,bǎocún,1,動,,
1958,2,5,保留,保留する、(原型を)保つ,bǎoliú,1,動,,
1959,2,5,报告,報告(する),bàogào,1,動,,
1960,2,5,必需,必需である、欠かせない,bìxū,1,動,,
1961,2,5,编辑,編輯する,biānjí,1,動,,
1962,2,5,辩论,弁論する、論争する,biànlùn,1,動,,
1963,2,5,表明,表明する,biǎomíng,1,動,,
1964,2,5,表现,表現する,biǎoxiàn,1,動,,
1965,2,5,补充,補充する,bǔchōng,1,動,,
1966,2,5,参考,参考にする,cānkǎo,1,動,,
1967,2,5,参与,参与する、参加する,cānyù,1,動,,
1968,2,5,成就,成就(する)、成果,chéngjiù,1,動,,
1969,2,5,承认,承認する,chéngrèn,1,動,,
1970,2,5,持续,持続する,chíxù,1,動,,
1971,2,5,充满,充満する、満たす,chōngmǎn,1,動,,
1972,2,5,重复,重複する、繰り返す,chóngfù,1,動,,
1973,2,5,出版,出版する,chūbǎn,1,動,,
1974,2,5,出席,出席する,chūxí,1,動,,
1975,2,5,处理,処理する,chǔlǐ,1,動,,
1976,2,5,传播,伝播する、広める,chuánbō,1,動,,
1977,2,5,传染,伝染する,chuánrǎn,1,動,,
1978,2,5,创造,創造する,chuàngzào,1,動,,
1979,2,5,辞职,辞職する,cízhí,1,動,,
1980,2,5,从事,従事する,cóngshì,1,動,,
1981,2,5,促进,促進する,cùjìn,1,動,,
1982,2,5,担任,担任する、担当する,dānrèn,1,動,,
1983,2,5,到达,到達する,dàodá,1,動,,
1984,2,5,登记,登記する、登録する、チェックインする,dēngjì,1,動,,
1985,2,5,独立,独立する,dúlì,1,動,,
1986,2,5,对比,対比(する),duìbǐ,1,動,,
1987,2,5,发表,発表する,fābiǎo,1,動,,
1988,2,5,发达,発達する,fādá,1,動,,
1989,2,5,发挥,発揮する,fāhuī,1,動,,
1990,2,5,发明,発明(する),fāmíng,1,動,,
1991,2,5,发言,発言する,fāyán,1,動,,
1992,2,5,反复,反復(する),fǎnfù,1,動,,
1993,2,5,反应,反応(する),fǎnyìng,1,動,,
1994,2,5,分布,分布する,fēnbù,1,動,,
1995,2,5,分配,分配する、割り当てる,fēnpèi,1,動,,
1996,2,5,分析,分析(する),fēnxī,1,動,,
1997,2,5,讽刺,諷刺する,fěngcì,1,動,,
1998,2,5,否定,否定する,fǒudìng,1,動,,
1999,2,5,否认,否認する,fǒurèn,1,動,,
2000,2,5,改革,改革する,gǎigé,1,動,,
2001,2,5,改进,改善(する),gǎijìn,1,動,,
2002,2,5,改善,改善する,gǎishàn,1,動,,
2003,2,5,改正,改正する,gǎizhèng,1,動,,
2004,2,5,公布,公布する,gōngbù,1,動,,
2005,2,5,公开,公開(する、の)、暴露する,gōngkāi,1,動,,
2006,2,5,贡献,貢献する,gòngxiàn,1,動,,
2007,2,5,构成,構成する、...からなる,gòuchéng,1,動,,
2008,2,5,雇佣,雇用する,gùyōng,1,動,,
2009,2,5,观察,観察する,guānchá,1,動,,
2010,2,5,集中,集中(する、している)、集中的に,jízhōng,1,動,,
2011,2,5,记录,記録する、記録,jìlù,1,動,,
2012,2,5,计算,計算(する),jìsuàn,1,動,,
2013,2,5,记忆,記憶(している、する),jìyì,1,動,,
2014,2,5,建立,建立する、立てる、開設する,jiànlì,1,動,,
2015,2,5,建设,建設する,jiànshè,1,動,,
2016,2,5,建议,建議する、提案する,jiànyì,1,動,,
2017,2,5,建筑,建築(する)、建物,jiànzhù,1,動,,
2018,2,5,结合,結合(する);(人と人が)結びつく,jiéhé,1,動,,
2019,2,5,解放,解放する,jiěfàng,1,動,,
2020,2,5,进步,進歩(する),jìnbù,1,動,,
2021,2,5,经营,経営(する),jīngyíng,1,動,,
2022,2,5,具备,具備する、備える,jùbèi,1,動,,
2023,2,5,开发,開発する、開拓する,kāifā,1,動,,
2024,2,5,开放,開放する,kāifàng,1,動,,
2025,2,5,抗议,抗議する,kàngyì,1,動,,
2026,2,5,克服,克服する,kèfú,1,動,,
2027,2,5,劳动,労働する,láodòng,1,動,,
2028,2,5,利用,利用する、活用する,lìyòng,1,動,,
2029,2,5,描写,描写する,miáoxiě,1,動,,
2030,2,5,模仿,模倣する,mófǎng,1,動,,
2031,2,5,赔偿,賠償する,péicháng,1,動,,
2032,2,5,培养,培養する、養成する,péiyǎng,1,動,,
2033,2,5,批准,批准する、許可する,pīzhǔn,1,動,,
2034,2,5,评价,評価(する),píngjià,1,動,,
2035,2,5,破产,破産(する),pòchǎn,1,動,,
2036,2,5,启发,啓発する,qǐfā,1,動,,
2037,2,5,强调,強調する,qiángdiào,1,動,,
2038,2,5,侵略,侵略する,qīnlüè,1,動,,
2039,2,5,取消,取り消す、キャンセルする,qǔxiāo,1,動,,
2040,2,5,缺乏,欠乏する,quēfá,1,動,,
2041,2,5,确认,確認する,quèrèn,1,動,,
2042,2,5,燃烧,燃焼する、燃やす,ránshāo,1,動,,
2043,2,5,设计,設計(する)、デザイン,shèjì,1,動,,
2044,2,5,生产,生産する,shēngchǎn,1,動,,
2045,2,5,省略,省略する,shěnglüè,1,動,,
2046,2,5,失业,失業する,shīyè,1,動,,
2047,2,5,实践,実践する,shíjiàn,1,動,,
2048,2,5,实习,実習(する),shíxí,1,動,,
2049,2,5,实现,実現する,shíxiàn,1,動,,
2050,2,5,实行,実行(する),shíxíng,1,動,,
2051,2,5,实验,実験(する),shíyàn,1,動,,
2052,2,5,缩小,縮小する,suōxiǎo,1,動,,
2053,2,5,谈判,談判する、交渉する,tánpàn,1,動,,
2054,2,5,体现,体現する,tǐxiàn,1,動,,
2055,2,5,体验,体験する,tǐyàn,1,動,,
2056,2,5,调整,調整する,tiáozhěng,1,動,,
2057,2,5,挑战,挑戦する、挑発する、試練,tiǎozhàn,1,動,,
2058,2,5,统一,統一(する、している),tǒngyī,1,動,,
2059,2,5,统治,統治する、支配する,tǒngzhì,1,動,,
2060,2,5,投资,投資する,tóuzī,1,動,,
2061,2,5,退步,退歩する、退化する,tuìbù,1,動,,
2062,2,5,危害,危害(を加える),wēihài,1,動,,
2063,2,5,违反,違反する,wéifǎn,1,動,,
2064,2,5,围绕,取り巻く、囲繞する,wéirào,1,動,,
2065,2,5,吸收,吸収する、(仲間に)引き入れる,xīshōu,1,動,,
2066,2,5,显示,明らかにする、示す,xiǎnshì,1,動,,
2067,2,5,相当,相当(する)、匹敵する,xiāngdāng,1,動,,
2068,2,5,相关,相関している、関係がある,xiāngguān,1,動,,
2069,2,5,享受,享受する;享楽,xiǎngshòu,1,動,,
2070,2,5,消费,消費(する),xiāofèi,1,動,,
2071,2,5,消化,消化(する),xiāohuà,1,動,,
2072,2,5,消灭,消滅する(させる),xiāomiè,1,動,,
2073,2,5,消失,消失する,xiāoshī,1,動,,
2074,2,5,形成,形成する,xíngchéng,1,動,,
2075,2,5,形容,形容する;容貌,xíngróng,1,動,,
2076,2,5,叙述,叙述する,xùshù,1,動,,
2077,2,5,宣传,宣伝(する)、広める,xuānchuán,1,動,,
2078,2,5,选举,選挙する,xuǎnjǔ,1,動,,
2079,2,5,训练,訓練する,xùnliàn,1,動,,
2080,2,5,延长,延長(する),yáncháng,1,動,,
2081,2,5,一致,一致(する、している),yízhì,1,動,,
2082,2,5,移民,移民(する),yímín,1,動,,
2083,2,5,营业,営業する,yíngyè,1,動,,
2084,2,5,应用,応用する、アプリケーション,yìngyòng,1,動,,
2085,2,5,游览,遊覧する,yóulǎn,1,動,,
2086,2,5,预报,予報する,yùbào,1,動,,
2087,2,5,运用,運用する,yùnyòng,1,動,,
2088,2,5,展开,展開する,zhǎnkāi,1,動,,
2089,2,5,展览,展覧する、展示する,zhǎnlǎn,1,動,,
2090,2,5,诊断,診断する,zhěnduàn,1,動,,
2091,2,5,振动,振動(する),zhèndòng,1,動,,
2092,2,5,执行,執行する、実際に行う,zhíxíng,1,動,,
2093,2,5,指导,指導する、指針,zhǐdǎo,1,動,,
2094,2,5,指挥,指揮する,zhǐhuī,1,動,,
2095,2,5,制定,制定する、計画を立てる,zhìdìng,1,動,,
2096,2,5,制作,制作する,zhìzuò,1,動,,
2097,2,5,追求,追求する,zhuīqiú,1,動,,
2098,2,5,综合,総合する、総合的な,zōnghé,1,動,,
2099,2,5,组合,組み合わせ(る)、組合,zǔhé,1,動,,
2100,2,5,阻止,阻止する,zǔzhǐ,1,動,,
2101,2,5,遵守,遵守する,zūnshǒu,1,動,,
2102,2,5,作文,作文する、文章を書く,zuòwén,1,動,,
2103,2,5,捐,投げうつ、寄付する,juān,1,動,,
2104,2,5,保险,保険(をかける)、安全である、請け合う,bǎoxiǎn,1,動,,
2105,2,5,成立,創立される(組織などが)、発足する;成り立つ,chénglì,1,動,,
2106,2,5,达到,到達する,dádào,1,動,,
2107,2,5,妨碍,妨害する,fángài,1,動,,
2108,2,5,分别,別れる、区別する;別々に、それぞれ,fēnbié,1,動,,
2109,2,5,复制,複製する,fùzhì,1,動,,
2110,2,5,概括,総括する、要約する,gàikuò,1,動,,
2111,2,5,纪录,記録(する),jìlù,1,動,,
2112,2,5,接近,接近する、親しくする,jiējìn,1,動,,
2113,2,5,联合,結合、団結、連合(する),liánhé,1,動,,
2114,2,5,配合,力を合わせる、チームワーク,pèihé,1,動,,
2115,2,5,请求,申請する、頼む,qǐngqiú,1,動,,
2116,2,5,删除,削除する,shānchú,1,動,,
2117,2,5,输入,送り込む(外部から)、インプットする、輸入する,shūrù,1,動,,
2118,2,5,缩短,短縮する,suōduǎn,1,動,,
2119,2,5,提倡,提唱する,tíchàng,1,動,,
2120,2,5,预防,予防する,yùfáng,1,動,,
2121,2,5,造成,もたらす、引き起こす,zàochéng,1,動,,
2122,2,5,掌握,(1)把握する(2)掌握する,zhǎngwò,1,動,,
2123,2,5,中介,仲介する36,zhōngjiè,1,動,,
2124,2,5,转变,変わる、変える;転変,zhuǎnbiàn,1,動,,
2125,2,5,抄,書き写す、盗作する;捜査する,chāo,1,動,,
2126,2,5,干,する、やる,gàn,1,動,,
2127,2,5,搞,する、やる,gǎo,1,動,,
2128,2,5,摸,触る、なでる、手さぐりする,mō,1,動,,
2129,2,5,念,(1)音読する(2)学校で学ぶ,niàn,1,動,,
2130,2,5,派,派遣する,pài,1,動,,
2131,2,5,吓,脅す,xià,1,動,,
2132,2,5,办理,処理する、扱う、手続きする,bànlǐ,1,動,,
2133,2,5,避免,避ける、逃れる,bìmiǎn,1,動,,
2134,2,5,采访,取材する、探訪する,cǎifǎng,1,動,,
2135,2,5,采取,とる(策を)、用いる,cǎiqǔ,1,動,,
2136,2,5,测验,試験する、テストする,cèyàn,1,動,,
2137,2,5,产生,発生する、生じる,chǎnshēng,1,動,,
2138,2,5,承受,受ける(試練を)、(財産を)承継する,chéngshòu,1,動,,
2139,2,5,吃亏,損をする,chīkuī,1,動,,
2140,2,5,传递,伝達する、転送する,chuándì,1,動,,
2141,2,5,促使,...するように促す、仕向ける,cùshǐ,1,動,,
2142,2,5,打工,仕事をする、アルバイトをする,dǎgōng,1,動,,
2143,2,5,贷款,貸し付ける、借款(を供与する),dàikuǎn,1,動,,
2144,2,5,耽误,遅らせる,dānwu,1,動,,
2145,2,5,导演,演出する、監督する,dǎoyǎn,1,動,,
2146,2,5,导致,導く、招く、引き起こす,dǎozhì,1,動,,
2147,2,5,等于,...に等しい,děngyú,1,動,,
2148,2,5,对待,対処する,duìdài,1,動,,
2149,2,5,辅导,指導する、補修する,fǔdǎo,1,動,,
2150,2,5,沟通,交流する、意思疎通する,gōutōng,1,動,,
2151,2,5,挂号,(1)登録する(2)書留にする,guàhào,1,動,,
2152,2,5,过期,期限が過ぎる,guòqī,1,動,,
2153,2,5,合作,協力する(対等の立場で)、提携する,hézuò,1,動,,
2154,2,5,缓解,緩む、緩和する,huǎnjiě,1,動,,
2155,2,5,及格,合格する(試験に),jígé,1,動,,
2156,2,5,讲究,...にこだわる、趣向をこらす,jiǎngjiu,1,動,,
2157,2,5,降落,降下する,jiàngluò,1,動,,
2158,2,5,进口,輸入する,jìnkǒu,1,動,,
2159,2,5,控制,制御する、抑制する、統制する,kòngzhì,1,動,,
2160,2,5,领导,指導する,lǐngdǎo,1,動,,
2161,2,5,流传,広まる、伝播する,liúchuán,1,動,,
2162,2,5,录取,採用する(合格者を),lùqǔ,1,動,,
2163,2,5,面对,直面する,miànduì,1,動,,
2164,2,5,面临,...に直面している,miànlín,1,動,,
2165,2,5,融化,融解する、解ける,rónghuà,1,動,,
2166,2,5,上当,わなにはまる,shàngdàng,1,動,,
2167,2,5,收获,収穫(する),shōuhuò,1,動,,
2168,2,5,属于,...に属する,shǔyú,1,動,,
2169,2,5,提问,質問する、(先生が生徒に)問題を出す,tíwèn,1,動,,
2170,2,5,通讯,通信する,tōngxùn,1,動,,
2171,2,5,推广,押し広める、プロモーション,tuīguǎng,1,動,,
2172,2,5,维护,守る、保つ;メンテナンス,wéihù,1,動,,
2173,2,5,委托,委託(する),wěituō,1,動,,
2174,2,5,显得,いかにも...に見える,xiǎnde,1,動,,
2175,2,5,相连,相連なる、合流する,xiānglián,1,動,,
2176,2,5,销售,販売(する)、セールス,xiāoshòu,1,動,,
2177,2,5,欣赏,鑑賞する、よいと思う,xīnshǎng,1,動,,
2178,2,5,修改,修正する、改正する,xiūgǎi,1,動,,
2179,2,5,宣布,宣言する、公布する,xuānbù,1,動,,
2180,2,5,询问,質問(する)、尋ねる,xúnwèn,1,動,,
2181,2,5,应付,処理する、その場をしのぐ,yìngfu,1,動,,
2182,2,5,预订,予約する、注文する,yùdìng,1,動,,
2183,2,5,征求,募集する,zhēngqiú,1,動,,
2184,2,5,争取,勝ち取る、争って手に入れる,zhēngqǔ,1,動,,
2185,2,5,挣钱,金を稼ぐ,zhèngqián,1,動,,
2186,2,5,主持,主宰する、主張する,zhǔchí,1,動,,
2187,2,5,注册,登録する、登記する,zhùcè,1,動,,
2188,2,5,起来,起きてくる,qǐlái,1,動,,
2189,2,5,划船,船をこぐ,huáchuán,1,動,,
2190,2,5,不耐烦,煩わしさに耐えられない、面倒がる,búnàifán,1,動,,
2191,2,5,打交道,相手をする、応対する,dǎjiāodào,1,動,,
2192,2,5,打喷嚏,くしゃみをする;(他人が)自分の噂をしている,dǎpēntì,1,動,,
2193,2,5,打招呼,声をかける、挨拶する,dǎzhāohu,1,動,,
2194,2,5,干活儿,仕事をする,gànhuór,1,動,,
2195,2,5,系领带,ネクタイを締める,jìlǐngdài,1,動,,
2196,2,5,看不起,見下す,kànbuqǐ,1,動,,
2197,2,5,忍不住,こらえきれない,rěnbuzhù,1,動,,
2198,2,5,舍不得,...したがらない、離れがたい,shěbude,1,動,,
2199,2,5,使劲儿,力をこめる,shǐjìnr,1,動,,
2200,2,5,棒,棒;(食べ物が)堅い、(身体が)強い,bàng,2,形,,
2201,2,5,薄,薄い,báo,2,形,,
2202,2,5,便,便利な,biàn,2,形,,
2203,2,5,臭,くさい,chòu,2,形,,
2204,2,5,呆,呆けている、阿呆な,dāi,2,形,,
2205,2,5,方,正方形の;方法、方面;いままさに,fāng,2,形,,
2206,2,5,横,横(の)、水平(な),héng,2,形,,
2207,2,5,浓,濃い、深い,nóng,2,形,,
2208,2,5,平,平らな,píng,2,形,,
2209,2,5,浅,浅い、(色が)薄い,qiǎn,2,形,,
2210,2,5,青,青い;(人や作物が)若い,qīng,2,形,,
2211,2,5,弱,弱い、若い,ruò,2,形,,
2212,2,5,歪,歪んだ,wāi,2,形,,
2213,2,5,斜,斜めの,xié,2,形,,
2214,2,5,痒,痒い,yǎng,2,形,,
2215,2,5,直,真っ直ぐな,zhí,2,形,,
2216,2,5,重,重い,zhòng,2,形,,
2217,2,5,紫,紫(色の),zǐ,2,形,,
2218,2,5,悲观,悲観(する、的な),bēiguān,2,形,,
2219,2,5,必然,必然的な,bìrán,2,形,,
2220,2,5,必要,必要である,bìyào,2,形,,
2221,2,5,不安,不安な、不安定な,bùān,2,形,,
2222,2,5,不足,不足(な),bùzú,2,形,,
2223,2,5,惭愧,恥ずかしい、慚愧の念,cánkuì,2,形,,
2224,2,5,彻底,徹底的な,chèdǐ,2,形,,
2225,2,5,充分,充分な、ぞんぶんに,chōngfèn,2,形,,
2226,2,5,抽象,抽象(する、的な),chōuxiàng,2,形,,
2227,2,5,初级,初級の,chūjí,2,形,,
2228,2,5,出色,出色の、すばらしい,chūsè,2,形,,
2229,2,5,大型,大型の,dàxíng,2,形,,
2230,2,5,单纯,単純な,dānchún,2,形,,
2231,2,5,单调,単調な,dāndiào,2,形,,
2232,2,5,单独,単独で,dāndú,2,形,,
2233,2,5,独特,独特な,dútè,2,形,,
2234,2,5,繁荣,繁栄(している),fánróng,2,形,,
2235,2,5,革命,革命(的な),gémìng,2,形,,
2236,2,5,个别,個別に,gèbié,2,形,,
2237,2,5,根本,根本(的な),gēnběn,2,形,,
2238,2,5,公平,公平な,gōngpíng,2,形,,
2239,2,5,固定,固定(する、している),gùdìng,2,形,,
2240,2,5,光荣,光栄な,guāngróng,2,形,,
2241,2,5,广大,広大な、広範な,guǎngdà,2,形,,
2242,2,5,广泛,広汎な,guǎngfàn,2,形,,
2243,2,5,过分,過分な、もったいない,guòfèn,2,形,,
2244,2,5,豪华,豪華(な),háohuá,2,形,,
2245,2,5,好奇,好奇心がある、物好きな,hàoqí,2,形,,
2246,2,5,合法,合法な,héfǎ,2,形,,
2247,2,5,合理,合理的な、妥当な,hélǐ,2,形,,
2248,2,5,活跃,活躍(する)、活発な、活気づける,huóyuè,2,形,,
2249,2,5,基本,基本的な,jīběn,2,形,,
2250,2,5,激烈,激烈な,jīliè,2,形,,
2251,2,5,寂寞,寂寞(とした)、寂しい,jìmò,2,形,,
2252,2,5,狡猾,狡猾な,jiǎohuá,2,形,,
2253,2,5,紧急,緊急の,jǐnjí,2,形,,
2254,2,5,巨大,巨大な,jùdà,2,形,,
2255,2,5,具体,具体(的な),jùtǐ,2,形,,
2256,2,5,绝对,絶対(に)、必ず,juéduì,2,形,,
2257,2,5,客观,客観(的な),kèguān,2,形,,
2258,2,5,刻苦,骨身を惜しまない,kèkǔ,2,形,,
2259,2,5,恐怖,怖い、ひどい,kǒngbù,2,形,,
2260,2,5,乐观,楽観(的な),lèguān,2,形,,
2261,2,5,良好,良好な,liánghǎo,2,形,,
2262,2,5,临时,臨時の,línshí,2,形,,
2263,2,5,秘密,秘密の,mìmì,2,形,,
2264,2,5,民主,民主(的な),mínzhǔ,2,形,,
2265,2,5,明确,明確な,míngquè,2,形,,
2266,2,5,模糊,曖昧模糊とした,móhu,2,形,,
2267,2,5,偶然,偶然の,ǒurán,2,形,,
2268,2,5,平等,平等な,píngděng,2,形,,
2269,2,5,平静,平静(な),píngjìng,2,形,,
2270,2,5,平均,平均(的な),píngjūn,2,形,,
2271,2,5,谦虚,謙虚(な),qiānxū,2,形,,
2272,2,5,强烈,強烈な,qiángliè,2,形,,
2273,2,5,巧妙,巧妙な,qiǎomiào,2,形,,
2274,2,5,亲爱,親愛なる、親しい,qīnài,2,形,,
2275,2,5,清淡,淡い、(食べ物が)あっさりしている,qīngdàn,2,形,,
2276,2,5,全面,全面的な,quánmiàn,2,形,,
2277,2,5,确定,確定(する)、確かな,quèdìng,2,形,,
2278,2,5,热烈,心のこもった、温かい,rèliè,2,形,,
2279,2,5,热心,熱心な,rèxīn,2,形,,
2280,2,5,日常,日常の,rìcháng,2,形,,
2281,2,5,善良,善良な,shànliáng,2,形,,
2282,2,5,深刻,深刻な,shēnkè,2,形,,
2283,2,5,神秘,神秘(の、的な),shénmì,2,形,,
2284,2,5,实用,実用(的である、に供する)、応用する,shíyòng,2,形,,
2285,2,5,熟练,熟練した,shúliàn,2,形,,
2286,2,5,私人,私人の、プライベートな,sīrén,2,形,,
2287,2,5,特殊,特殊な,tèshū,2,形,,
2288,2,5,痛快,(1)痛快である、思いきり(2)率直である,tòngkuài,2,形,,
2289,2,5,透明,透明な,tòumíng,2,形,,
2290,2,5,突出,突出した、目立つ,tūchū,2,形,,
2291,2,5,唯一,唯一の,wéiyī,2,形,,
2292,2,5,伟大,偉大である,wěidà,2,形,,
2293,2,5,温暖,温暖な,wēnnuǎn,2,形,,
2294,2,5,无数,無数の,wúshù,2,形,,
2295,2,5,相对,相対(的な),xiāngduì,2,形,,
2296,2,5,幸运,幸運(な),xìngyùn,2,形,,
2297,2,5,迅速,迅速な,xùnsù,2,形,,
2298,2,5,严肃,厳かな,yánsù,2,形,,
2299,2,5,遗憾,遺憾(な、に思う)、残念,yíhàn,2,形,,
2300,2,5,意外,意外(な)39,yìwài,2,形,,
2301,2,5,悠久,悠久の、久しい,yōujiǔ,2,形,,
2302,2,5,优美,優美な,yōuměi,2,形,,
2303,2,5,有利,有利な,yǒulì,2,形,,
2304,2,5,真实,真実(の),zhēnshí,2,形,,
2305,2,5,周到,周到な,zhōudao,2,形,,
2306,2,5,主观,主観(的な),zhǔguān,2,形,,
2307,2,5,自觉,自覚的な、意識して,zìjué,2,形,,
2308,2,5,自由,自由(な),zìyóu,2,形,,
2309,2,5,紧,きつい、切迫している、生活に余裕がない,jǐn,2,形,,
2310,2,5,和平,平和(な)、穏和な,hépíng,2,形,,
2311,2,5,谨慎,慎み深い、注意深い,jǐnshèn,2,形,,
2312,2,5,能干,有能な,nénggàn,2,形,,
2313,2,5,片面,一方的な、偏った,piànmiàn,2,形,,
2314,2,5,迫切,切迫した、差し迫った,pòqiè,2,形,,
2315,2,5,朴素,質素で飾り気がない,pǔsù,2,形,,
2316,2,5,亲切,親しみの持てる、心がこもっている,qīnqiè,2,形,,
2317,2,5,勤劳,勤勉な、よく働く,qínláo,2,形,,
2318,2,5,痛苦,苦痛(な),tòngkǔ,2,形,,
2319,2,5,相似,似ている;相似,xiāngsì,2,形,,
2320,2,5,协调,調整する(意見を)、まとめる,xiétiáo,2,形,,
2321,2,5,自动,自発的な、自動の,zìdòng,2,形,,
2322,2,5,丑,醜い;丑,chǒu,2,形,,
2323,2,5,淡,うすい(塩加減・色・味など),dàn,2,形,,
2324,2,5,乖,賢い(子供が)、聞き分けがいい,guāi,2,形,,
2325,2,5,烂,腐る、ぼろぼろになる、柔らかい,làn,2,形,,
2326,2,5,累,疲れている、苦労する,lèi,2,形,,
2327,2,5,嫩,若い、(食べ物が)柔らかい、(色が)薄い,nèn,2,形,,
2328,2,5,傻,愚かな,shǎ,2,形,,
2329,2,5,碎,砕く、粉々にする,suì,2,形,,
2330,2,5,弯,曲がった、曲げる,wān,2,形,,
2331,2,5,脏,汚れている,zāng,2,形,,
2332,2,5,宝贵,貴重な、価値のある,bǎoguì,2,形,,
2333,2,5,残疾,身体に障害のある,cánjí,2,形,,
2334,2,5,长途,長距離の,chángtú,2,形,,
2335,2,5,诚恳,心からの、誠実な,chéngkěn,2,形,,
2336,2,5,次要,副次的な、あまり重要でない,cìyào,2,形,,
2337,2,5,匆忙,あわてて、あわただしく,cōngmáng,2,形,,
2338,2,5,大方,(1)気前がいい(2)おっとりしている,dàfāng,2,形,,
2339,2,5,倒霉,ついてない、運が悪い,dǎoméi,2,形,,
2340,2,5,多余,余計な、余った,duōyú,2,形,,
2341,2,5,恶劣,下劣(な),èliè,2,形,,
2342,2,5,疯狂,気違いじみた,fēngkuáng,2,形,,
2343,2,5,干脆,きっぱりしている、はきはきしている,gāncuì,2,形,,
2344,2,5,高档,高級な,gāodàng,2,形,,
2345,2,5,格外,格別(な),géwài,2,形,,
2346,2,5,古老,古い歴史を持つ;(料理)甘酢あんかけ,gǔlǎo,2,形,,
2347,2,5,光滑,つるつるしている,guānghua,2,形,,
2348,2,5,糊涂,はっきりしない、でたらめな,hútu,2,形,,
2349,2,5,慌张,あわてる、そそっかしい,huāngzhāng,2,形,,
2350,2,5,灰心,がっかりする,huīxīn,2,形,,
2351,2,5,艰巨,はなはだ困難な,jiānjù,2,形,,
2352,2,5,坚决,決然として、断固たる,jiānjué,2,形,,
2353,2,5,艰苦,苦難に満ちた、艱難辛苦,jiānkǔ,2,形,,
2354,2,5,坚强,堅固な,jiānqiáng,2,形,,
2355,2,5,尖锐,鋭い,jiānruì,2,形,,
2356,2,5,结实,丈夫な,jiēshi,2,形,,
2357,2,5,均匀,均等な,jūnyún,2,形,,
2358,2,5,开心,楽しい、ハッピーな,kāixīn,2,形,,
2359,2,5,可靠,頼りになる40,kěkào,2,形,,
2360,2,5,可怕,おそろしい,kěpà,2,形,,
2361,2,5,老实,誠実な、正直な、お人好しな,lǎoshi,2,形,,
2362,2,5,灵活,鋭敏な、敏捷な,línghuó,2,形,,
2363,2,5,密切,密接な、親密な,mìqiè,2,形,,
2364,2,5,苗条,すらりとした(女性が),miáotiáo,2,形,,
2365,2,5,明显,明らかである、著しい,míngxiǎn,2,形,,
2366,2,5,陌生,見知らぬ、不案内な,mòshēng,2,形,,
2367,2,5,难看,醜い,nánkàn,2,形,,
2368,2,5,勤奋,勤勉な,qínfèn,2,形,,
2369,2,5,荣幸,光栄な,róngxìng,2,形,,
2370,2,5,生动,生き生きした,shēngdòng,2,形,,
2371,2,5,时髦,流行りの、時流に乗った,shímáo,2,形,,
2372,2,5,舒适,心地よい、快適な,shūshì,2,形,,
2373,2,5,坦率,率直な、率直に,tǎnshuài,2,形,,
2374,2,5,天真,天真爛漫な、無邪気な、お人好しな,tiānzhēn,2,形,,
2375,2,5,调皮,腕白な、ずるがしこい,tiáopí,2,形,,
2376,2,5,完美,完璧な,wánměi,2,形,,
2377,2,5,完善,完全(である)、完全なものにする,wánshàn,2,形,,
2378,2,5,完整,完全な、整っている,wánzhěng,2,形,,
2379,2,5,委屈,不当と感じる、無念に思う,wěiqū,2,形,,
2380,2,5,温柔,優しい(女性が)、おとなしい,wēnróu,2,形,,
2381,2,5,稳定,安定した、落ち着いた,wěndìng,2,形,,
2382,2,5,无奈,やむを得ない,wúnài,2,形,,
2383,2,5,鲜艳,鮮やかな、あでやかな,xiānyàn,2,形,,
2384,2,5,显然,顕著な、はっきり(と),xiǎnrán,2,形,,
2385,2,5,雄伟,雄大な、堂々とした,xióngwěi,2,形,,
2386,2,5,业余,専門外の、業務の余暇の,yèyú,2,形,,
2387,2,5,英俊,才能に秀でた、ハンサムな,yīngjùn,2,形,,
2388,2,5,优惠,特恵の、優遇、優待,yōuhuì,2,形,,
2389,2,5,整个,全部の、全体の,zhěnggè,2,形,,
2390,2,5,自豪,自ら誇りに思う,zìháo,2,形,,
2391,2,5,自私,身勝手(な),zìsī,2,形,,
2392,2,5,不得了,大変だ、...でたまらない,bùdéliǎo,2,形,,
2393,2,5,不要紧,だいじょうぶ、心配ない,búyàojǐn,2,形,,
2394,2,5,了不起,すばらしい、すごい,liǎobuqǐ,2,形,,
2395,2,5,说不定,はっきりいえない,shuōbudìng,2,形,,
2396,2,5,不好意思,心苦しい、きまりが悪い,bùhǎoyìsi,2,形,,
2397,2,5,更加,いっそう、ますます,gèngjiā,6,副,,
2398,2,5,丝毫,すこしも、寸毫も,sīháo,6,副,,
2399,2,5,更,さらに、もっと,gèng,6,副,,
2400,2,5,简直,まるっきり,jiǎnzhí,6,副,,
2401,2,5,尽量,なるべく、できるだけ,jǐnliàng,6,副,,
2402,2,5,总共,総計、合わせて,zǒnggòng,6,副,,
2403,2,5,不断,たえず、常に,búduàn,6,副,,
2404,2,5,平常,普通は、普通の,píngcháng,6,副,,
2405,2,5,随时,随時、いつでも,suíshí,6,副,,
2406,2,5,通常,通常、一般に,tōngcháng,6,副,,
2407,2,5,一旦,いったん、ひとたび,yídàn,6,副,,
2408,2,5,再三,再三,zàisān,6,副,,
2409,2,5,曾经,かつて、昔,céngjīng,6,副,,
2410,2,5,从此,これより,cóngcǐ,6,副,,
2411,2,5,立即,ただちに、すぐに,lìjí,6,副,,
2412,2,5,始终,終始、はじめからおわりまで,shǐzhōng,6,副,,
2413,2,5,事先,事前に,shìxiān,6,副,,
2414,2,5,依然,依然として,yīrán,6,副,,
2415,2,5,至今,今なお、現在でも,zhìjīn,6,副,,
2416,2,5,正,...している(ところだ),zhèng,6,副,,
2417,2,5,立刻,ただちに、すぐさま,lìkè,6,副,,
2418,2,5,非,...ではない;ぜひとも(=[非是]),fēi,6,副,,
2419,2,5,不必,...の必要はない,búbì,6,副,,
2420,2,5,未必,必ずしも...ない、おそらく...ない,wèibì,6,副,,
2421,2,5,不见得,...とは限らない,bújiànde,6,副,,
2422,2,5,纷纷,次々と;雑多なさま,fēnfēn,6,副,,
2423,2,5,赶紧,大急ぎで,gǎnjǐn,6,副,,
2424,2,5,急忙,あわただしく,jímáng,6,副,,
2425,2,5,连忙,急いで,liánmáng,6,副,,
2426,2,5,陆续,続々と,lùxù,6,副,,
2427,2,5,轮流,交代で、かわるがわる,lúnliú,6,副,,
2428,2,5,悄悄,ひそひそと,qiāoqiāo,6,副,,
2429,2,5,亲自,自ら、自身で,qīnzì,6,副,,
2430,2,5,照常,平常通り,zhàocháng,6,副,,
2431,2,5,逐步,徐々に、一歩一歩,zhúbù,6,副,,
2432,2,5,的确,確かに、的確に,díquè,6,副,,
2433,2,5,赶快,急いで,gǎnkuài,6,副,,
2434,2,5,接着,引き続いて,jiēzhe,6,副,,
2435,2,5,毕竟,結局のところ、さすがに,bìjìng,6,副,,
2436,2,5,不免,...せざるを得ない、どうしても...になる,bùmiǎn,6,副,,
2437,2,5,多亏,...のおかげで、幸いに,duōkuī,6,副,,
2438,2,5,凡是,およそ...であれば、...でありさえすれば,fánshì,6,副,,
2439,2,5,反而,かえって,fǎnér,6,副,,
2440,2,5,仿佛,あたかも...のようだ、...を彷彿とさせる、似ている,fǎngfú,6,副,,
2441,2,5,何必,何ぞ必ずしも...、...しなくてもいいではないか(反語),hébì,6,副,,
2442,2,5,居然,意外にも,jūrán,6,副,,
2443,2,5,据说,話によると,jùshuō,6,副,,
2444,2,5,难怪,...も無理はない,nánguài,6,副,,
2445,2,5,如何,如何に、どうやって、どんな,rúhé,6,副,,
2446,2,5,善于,...するのがうまい,shànyú,6,副,,
2447,2,5,是否,...かどうか,shìfǒu,6,副,,
2448,2,5,似乎,どうやら...らしい,sìhū,6,副,,
2449,2,5,所谓,所謂、いわゆる,suǒwèi,6,副,,
2450,2,5,特意,わざわざ(誰かのために)、特に,tèyì,6,副,,
2451,2,5,幸亏,幸いに,xìngkuī,6,副,,
2452,2,5,怪不得,道理で、なるほど;...するのも無理はない,guàibude,6,副,,
2453,2,5,万一,ひょっとしたら、万一,wànyī,6,副,,
2454,2,5,反正,いずれにせよ,fǎnzhèng,6,副,,
2455,2,5,总算,やっと、どうやら,zǒngsuàn,6,副,,
2456,2,5,以及,および、ならびに,yǐjí,7,接,,
2457,2,5,则,...すれば、...してから;規則;習う,zé,7,接,,
2458,2,5,不然,さもなければ、そうではない,bùrán,7,接,,
2459,2,5,要不,さもなくば,yàobù,7,接,,
2460,2,5,此外,...のほか、それ以外に,cǐwài,7,接,,
2461,2,5,从而,したがって、それによって,cóngér,7,接,,
2462,2,5,因而,ゆえに,yīnér,7,接,,
2463,2,5,除非,...でなければ(...しない),chúfēi,7,接,,
2464,2,5,假如,もし...ならば、かりに...とすれば,jiǎrú,7,接,,
2465,2,5,要是,もしも...ならば,yàoshi,7,接,,
2466,2,5,哪怕,たとえ...だとしても,nǎpà,7,接,,
2467,2,5,宁可,むしろ...しても(...はしない)、むしろ...するほうがいい,nìngkě,7,接,,
2468,2,5,比如,たとえば,bǐrú,7,接,,
2469,2,5,不如,...には及ばない,bùrú,7,接,,
2470,2,5,何况,...ならなおさらだ,hékuàng,7,接,,
2471,2,5,可见,...から...が見て取れる,kějiàn,7,接,,
2472,2,5,与其,...よりも...のほうが,yǔqí,7,接,,
2473,2,5,总之,つまり、要するに,zǒngzhī,7,接,,
2474,2,5,朝,...に向かって,cháo,13,介,,
2475,2,5,趁,...のうちに、...の機会を利用して,chèn,13,介,,
2476,2,5,乘,...に乗じて;乗る;掛け算する,chéng,13,介,,
2477,2,5,从,...から(起点),cóng,13,介,,
2478,2,5,凭,...によって;凭(もた)れる、頼りにする、拠り所,píng,13,介,,
2479,2,5,对于,...について、...にとって,duìyú,13,介,,
2480,2,5,针对,...に焦点をあわせて,zhēnduì,13,介,,
2481,2,5,至于,...に至っては、...については;(ある段階に)至る,zhìyú,13,介,,
2482,2,5,自从,...のときから(過去のある時点以来),zìcóng,13,介,,
2483,2,5,作为,...とする;...として、...たる者;行い,zuòwéi,13,介,,
2484,2,5,劳驾,すみませんが,láojià,100,他,,
2485,2,5,一路平安,道中ご無事で,yílùpíngān,100,他,,
2486,2,5,唉,ええ(承諾)、はぁ(ため息),āi,8,感,,
2487,2,5,糟糕,しまった、まずい、大変だ,zāogāo,8,感,,
2488,2,5,过,...した、...し終えた,guo,14,助,,
2489,2,5,似的,...のようだ,shìde,14,助,,
2490,2,5,以来,以来,yǐlái,14,助,,
2491,2,6,橙,橙(色),chéng,3,名,,
2492,2,6,栋,棟、棟木,dòng,3,名,,
2493,2,6,罐,缶、筒状の入れ物,guàn,3,名,,
2494,2,6,井,井戸,jǐng,3,名,,
2495,2,6,孔,穴,kǒng,3,名,,
2496,2,6,膜,膜、フィルム,mó,3,名,,
2497,2,6,哨,歩哨;鳥がさえずる、呼び子,shào,3,名,,
2498,2,6,束,束;束ねる,shù,3,名,,
2499,2,6,项,うなじ、金額、項目,xiàng,3,名,,
2500,2,6,屑,屑、つまらないもの,xiè,3,名,,
2501,2,6,翼,翼,yì,3,名,,
2502,2,6,贼,賊、泥棒,zéi,3,名,,
2503,2,6,舟,舟,zhōu,3,名,,
2504,2,6,粥,お粥,zhōu,3,名,,
2505,2,6,把手,把手、引き手,bǎshǒu,3,名,,
2506,2,6,鼻涕,鼻水,bítì,3,名,,
2507,2,6,船舶,船舶,chuánbó,3,名,,
2508,2,6,灯笼,灯籠、ちょうちん,dēnglóng,3,名,,
2509,2,6,电源,電源,diànyuán,3,名,,
2510,2,6,动脉,動脈,dòngmài,3,名,,
2511,2,6,耳环,イヤリング,ěrhuán,3,名,,
2512,2,6,坟墓,墓、墳墓,fénmù,3,名,,
2513,2,6,风味,風味,fēngwèi,3,名,,
2514,2,6,港湾,港湾,gǎngwān,3,名,,
2515,2,6,故乡,故郷,gùxiāng,3,名,,
2516,2,6,棍棒,棍棒,gùnbàng,3,名,,
2517,2,6,航空,航空,hángkōng,3,名,,
2518,2,6,患者,患者,huànzhě,3,名,,
2519,2,6,火药,火薬,huǒyào,3,名,,
2520,2,6,佳肴,ごちそう、珍味佳肴,jiāyáo,3,名,,
2521,2,6,近视,近視,jìnshì,3,名,,
2522,2,6,颈椎,頚椎,jǐngzhuī,3,名,,
2523,2,6,酒精,酒精、アルコール,jiǔjīng,3,名,,
2524,2,6,口腔,口腔,kǒuqiāng,3,名,,
2525,2,6,喇叭,ラッパ,lǎba,3,名,,
2526,2,6,漫画,漫画,mànhuà,3,名,,
2527,2,6,免疫,免疫,miǎnyì,3,名,,
2528,2,6,皮革,皮革,pígé,3,名,,
2529,2,6,气功,気功(中国伝統の養生法),qìgōng,3,名,,
2530,2,6,器官,器官,qìguān,3,名,,
2531,2,6,桥梁,橋梁,qiáoliáng,3,名,,
2532,2,6,容貌,容貌、顔かたち,róngmào,3,名,,
2533,2,6,容器,容器,róngqì,3,名,,
2534,2,6,扇子,扇子,shànzi,3,名,,
2535,2,6,生理,生理,shēnglǐ,3,名,,
2536,2,6,石油,石油,shíyóu,3,名,,
2537,2,6,视力,視力,shìlì,3,名,,
2538,2,6,书籍,書籍,shūjí,3,名,,
2539,2,6,四肢,四肢,sìzhī,3,名,,
2540,2,6,隧道,トンネル,suìdào,3,名,,
2541,2,6,膝盖,膝、膝蓋(しつがい),xīgài,3,名,,
2542,2,6,岩石,岩石,yánshí,3,名,,
2543,2,6,衣裳,衣裳,yīshang,3,名,,
2544,2,6,饮食,飲食,yǐnshí,3,名,,
2545,2,6,沼泽,沼沢,zhǎozé,3,名,,
2546,2,6,症状,症状,zhèngzhuàng,3,名,,
2547,2,6,脂肪,脂肪,zhīfáng,3,名,,
2548,2,6,支柱,支柱,zhīzhù,3,名,,
2549,2,6,制服,制服;人民服,zhìfú,3,名,,
2550,2,6,住宅,住宅,zhùzhái,3,名,,
2551,2,6,备忘录,備忘録、メモランダム,bèiwànglù,3,名,,
2552,2,6,副作用,副作用,fùzuòyòng,3,名,,
2553,2,6,工艺品,工芸品,gōngyìpǐn,3,名,,
2554,2,6,糖葫芦,糖葫蘆(タンフールー),tánghúlu,3,名,,
2555,2,6,秤,はかり,chèng,3,名,,
2556,2,6,坡,坂,pō,3,名,,
2557,2,6,巷,路地,xiàng,3,名,,
2558,2,6,渣,残渣、かす、くず,zhā,3,名,,
2559,2,6,癌症,癌,áizhèng,3,名,,
2560,2,6,别墅,別荘,biéshù,3,名,,
2561,2,6,裁缝,仕立屋;裁縫する,cáifeng,3,名,,
2562,2,6,毒品,麻薬、薬物,dúpǐn,3,名,,
2563,2,6,钩子,鈎、ホック,gōuzi,3,名,,
2564,2,6,疾病,病気,jíbìng,3,名,,
2565,2,6,码头,埠頭、波止場,mǎtóu,3,名,,
2566,2,6,脉搏,脈拍,màibó,3,名,,
2567,2,6,面貌,容貌,miànmào,3,名,,
2568,2,6,目光,眼光,mùguāng,3,名,,
2569,2,6,旗帜,旗、旗印、旗幟,qízhì,3,名,,
2570,2,6,器材,機材,qìcái,3,名,,
2571,2,6,尸体,死体,shītǐ,3,名,,
2572,2,6,调料,調味料,tiáoliào,3,名,,
2573,2,6,馅儿,あん(餃子、饅頭などの),xiànr,3,名,,
2574,2,6,肿瘤,腫瘍,zhǒngliú,3,名,,
2575,2,6,皱纹,皺(しわ),zhòuwén,3,名,,
2576,2,6,砖瓦,煉瓦,zhuānwǎ,3,名,,
2577,2,6,滋味,味わい,zīwèi,3,名,,
2578,2,6,螺丝钉,ねじ釘、ボルト,luósīdīng,3,名,,
2579,2,6,疤,傷あと、かさぶたのあと,bā,3,名,,
2580,2,6,臂,腕,bì,3,名,,
2581,2,6,舱,キャビン(飛行機や船の)、船室、客室,cāng,3,名,,
2582,2,6,锤,金槌、武器の一種,chuí,3,名,,
2583,2,6,兜,ポケット;包む、囲む,dōu,3,名,,
2584,2,6,桨,舟の櫂、パドル,jiǎng,3,名,,
2585,2,6,坑,たて穴、坑道,kēng,3,名,,
2586,2,6,筐,籠(かご),kuāng,3,名,,
2587,2,6,腮,頬,sāi,3,名,,
2588,2,6,把戏,アクロバット、トリック、ペテン,bǎxì,3,名,,
2589,2,6,包袱,風呂敷(包み),bāofu,3,名,,
2590,2,6,便条,書きつけ、メモ,biàntiáo,3,名,,
2591,2,6,辫子,お下げ、辮髪,biànzi,3,名,,
2592,2,6,步伐,足並み、歩調,bùfá,3,名,,
2593,2,6,彩票,宝くじ,cǎipiào,3,名,,
2594,2,6,柴油,ディーゼル油、軽油,cháiyóu,3,名,,
2595,2,6,池塘,池、水たまり、浴槽,chítáng,3,名,,
2596,2,6,床单,シーツ,chuángdān,3,名,,
2597,2,6,大厦,マンション、ビルディング,dàshà,3,名,,
2598,2,6,导航,ナビゲーション,dǎoháng,3,名,,
2599,2,6,堤坝,堤防,dībà,3,名,,
2600,2,6,防治,予防と治療,fángzhì,3,名,,
2601,2,6,俯仰,一挙一動;下を向くことと上を向くこと,fǔyǎng,3,名,,
2602,2,6,港口,港、港湾,gǎngkǒu,3,名,,
2603,2,6,疙瘩,できもの、にきび,gēda,3,名,,
2604,2,6,拐杖,杖、ステッキ,guǎizhàng,3,名,,
2605,2,6,航天,宇宙飛行,hángtiān,3,名,,
2606,2,6,喉咙,のど,hóulóng,3,名,,
2607,2,6,话筒,マイクロフォン、メガフォン,huàtǒng,3,名,,
2608,2,6,火箭,ロケット、ミサイル,huǒjiàn,3,名,,
2609,2,6,镜头,レンズ、(カメラの)、(写真の)ショット、(映画の),jìngtóu,3,名,,
2610,2,6,开水,湯、熱湯,kāishuǐ,3,名,,
2611,2,6,框架,骨組み(建物の),kuàngjià,3,名,,
2612,2,6,炉灶,かまど、へっつい,lúzào,3,名,,
2613,2,6,轮船,汽船,lúnchuán,3,名,,
2614,2,6,轮胎,タイヤ(車の),lúntāi,3,名,,
2615,2,6,模样,顔かたち、ルックス;だいたい...,múyàng,3,名,,
2616,2,6,屁股,尻、けつ,pìgu,3,名,,
2617,2,6,频率,周波数、頻度,pínlǜ,3,名,,
2618,2,6,旗袍,チャイナドレス,qípáo,3,名,,
2619,2,6,渠道,灌漑用の溝、用水路,qúdào,3,名,,
2620,2,6,拳头,げんこつ、握りこぶし,quántou,3,名,,
2621,2,6,刹车,ブレーキ(をかける),shāchē,3,名,,
2622,2,6,牲畜,家畜,shēngchù,3,名,,
2623,2,6,水泥,セメント,shuǐní,3,名,,
2624,2,6,摊儿,屋台、露天,tānr,3,名,,
2625,2,6,陶瓷,陶磁器,táocí,3,名,,
2626,2,6,亭子,あずまや,tíngzi,3,名,,
2627,2,6,唾沫,唾液、つば,tuòmo,3,名,,
2628,2,6,胃口,食欲、胃の具合,wèikǒu,3,名,,
2629,2,6,仪器,器具,yíqì,3,名,,
2630,2,6,引擎,エンジン、発動機,yǐnqíng,3,名,,
2631,2,6,荧屏,テレビ画面、蛍光スクリーン,yíngpíng,3,名,,
2632,2,6,油漆,ペンキ、ラッカー、油性塗料,yóuqī,3,名,,
2633,2,6,帐篷,テント,zhàngpeng,3,名,,
2634,2,6,珍珠,真珠,zhēnzhū,3,名,,
2635,2,6,指甲,爪,zhǐjia,3,名,,
2636,2,6,走廊,回廊,zǒuláng,3,名,,
2637,2,6,钻石,ダイヤモンド,zuànshí,3,名,,
2638,2,6,嘴唇,唇,zuǐchún,3,名,,
2639,2,6,公安局,警察署,gōngānjú,3,名,,
2640,2,6,里程碑,道標、一里塚,lǐchéngbēi,3,名,,
2641,2,6,立交桥,インターチェンジ,lìjiāoqiáo,3,名,,
2642,2,6,纽扣儿,ボタン,niǔkòur,3,名,,
2643,2,6,收音机,ラジオ,shōuyīnjī,3,名,,
2644,2,6,水龙头,蛇口、給水栓,shuǐlóngtóu,3,名,,
2645,2,6,玩意儿,おもちゃ,wányìr,3,名,,
2646,2,6,维生素,ビタミン,wéishēngsù,3,名,,
2647,2,6,羽绒服,ダウンジャケット,yǔróngfú,3,名,,
2648,2,6,指南针,コンパス、指針,zhǐnánzhēn,3,名,,
2649,2,6,州,州、自治州,zhōu,3,名,,
2650,2,6,霸道,覇道;横暴である、ひどい,bàdào,3,名,,
2651,2,6,报酬,報酬,bàochou,3,名,,
2652,2,6,暴力,暴力,bàolì,3,名,,
2653,2,6,被告,被告,bèigào,3,名,,
2654,2,6,变迁,変遷,biànqiān,3,名,,
2655,2,6,布告,布告,bùgào,3,名,,
2656,2,6,部位,部位,bùwèi,3,名,,
2657,2,6,财务,財務,cáiwù,3,名,,
2658,2,6,财政,財政,cáizhèng,3,名,,
2659,2,6,仓库,倉庫,cāngkù,3,名,,
2660,2,6,草案,草案,cǎoàn,3,名,,
2661,2,6,策略,策略(をたてる),cèlüè,3,名,,
2662,2,6,产业,産業、(土地や家屋などの)私有財産,chǎnyè,3,名,,
2663,2,6,常务,常務,chángwù,3,名,,
2664,2,6,场合,場合、場所,chǎnghé,3,名,,
2665,2,6,场面,場面,chǎngmiàn,3,名,,
2666,2,6,赤字,赤字,chìzì,3,名,,
2667,2,6,大臣,大臣,dàchén,3,名,,
2668,2,6,代价,対価(を払う),dàijià,3,名,,
2669,2,6,等级,等級、階層,děngjí,3,名,,
2670,2,6,雕塑,彫塑、彫刻,diāosù,3,名,,
2671,2,6,动力,動力,dònglì,3,名,,
2672,2,6,动态,動態、動向,dòngtài,3,名,,
2673,2,6,都市,都市、都会,dūshì,3,名,,
2674,2,6,独裁,独裁,dúcái,3,名,,
2675,2,6,对策,対策,duìcè,3,名,,
2676,2,6,队伍,隊伍、隊列;軍隊,duìwu,3,名,,
2677,2,6,法人,法人,fǎrén,3,名,,
2678,2,6,范畴,範疇,fànchóu,3,名,,
2679,2,6,方针,方針,fāngzhēn,3,名,,
2680,2,6,废墟,廃墟,fèixū,3,名,,
2681,2,6,分歧,分岐,fēnqí,3,名,,
2682,2,6,纲领,綱領,gānglǐng,3,名,,
2683,2,6,根源,根源,gēnyuán,3,名,,
2684,2,6,耕地,耕地;田畑を耕す,gēngdì,3,名,,
2685,2,6,宫殿,宮殿,gōngdiàn,3,名,,
2686,2,6,公民,公民、市民,gōngmín,3,名,,
2687,2,6,公务,公務,gōngwù,3,名,,
2688,2,6,骨干,骨幹、中核,gǔgàn,3,名,,
2689,2,6,顾问,顧問,gùwèn,3,名,,
2690,2,6,故障,故障,gùzhàng,3,名,,
2691,2,6,惯例,慣例,guànlì,3,名,,
2692,2,6,规范,規範,guīfàn,3,名,,
2693,2,6,规格,規格,guīgé,3,名,,
2694,2,6,国防,国防,guófáng,3,名,,
2695,2,6,过失,過失、ミス,guòshī,3,名,,
2696,2,6,行列,行列,hángliè,3,名,,
2697,2,6,痕迹,痕跡,hénjì,3,名,,
2698,2,6,候选,候補,hòuxuǎn,3,名,,
2699,2,6,环节,...の一環、一部;環節(動物),huánjié,3,名,,
2700,2,6,贿赂,賄賂(を送る),huìlù,3,名,,
2701,2,6,混乱,混乱,hùnluàn,3,名,,
2702,2,6,货币,貨幣,huòbì,3,名,,
2703,2,6,基地,基地,jīdì,3,名,,
2704,2,6,饥饿,飢餓,jīè,3,名,,
2705,2,6,机关,機関、しかけ,jīguān,3,名,,
2706,2,6,基金,基金、ファンド,jījīn,3,名,,
2707,2,6,机械,機械(的な),jīxiè,3,名,,
2708,2,6,集团,集団、グループ,jítuán,3,名,,
2709,2,6,极限,極限,jíxiàn,3,名,,
2710,2,6,技能,技量、スキル,jìnéng,3,名,,
2711,2,6,技巧,技法、スキル,jìqiǎo,3,名,,
2712,2,6,监狱,監獄,jiānyù,3,名,,
2713,2,6,间隔,間隔,jiàngé,3,名,,
2714,2,6,舰艇,艦艇,jiàntǐng,3,名,,
2715,2,6,见闻,見聞,jiànwén,3,名,,
2716,2,6,阶层,階層,jiēcéng,3,名,,
2717,2,6,金融,金融,jīnróng,3,名,,
2718,2,6,经费,経費,jīngfèi,3,名,,
2719,2,6,经纬,経緯、縦糸と横糸、いきさつ,jīngwěi,3,名,,
2720,2,6,境界,境界,jìngjiè,3,名,,
2721,2,6,纠纷,紛糾、もめごと,jiūfēn,3,名,,
2722,2,6,局面,局面,júmiàn,3,名,,
2723,2,6,举动,挙動,jǔdòng,3,名,,
2724,2,6,军队,軍隊,jūnduì,3,名,,
2725,2,6,空洞,空洞、空の,kōngdòng,3,名,,
2726,2,6,空白,空白,kòngbái,3,名,,
2727,2,6,空隙,空隙、すきま,kòngxì,3,名,,
2728,2,6,理智,理知,lǐzhì,3,名,,
2729,2,6,立场,立場,lìchǎng,3,名,,
2730,2,6,联盟,連盟、同盟,liánméng,3,名,,
2731,2,6,临床,臨床,línchuáng,3,名,,
2732,2,6,领土,領土,lǐngtǔ,3,名,,
2733,2,6,名誉,名誉、評判,míngyù,3,名,,
2734,2,6,模范,模範,mófàn,3,名,,
2735,2,6,模型,模型、鋳型,móxíng,3,名,,
2736,2,6,内幕,内幕,nèimù,3,名,,
2737,2,6,泡沫,泡沫、バブル,pàomò,3,名,,
2738,2,6,偏差,偏差、誤差,piānchā,3,名,,
2739,2,6,贫困,貧困,pínkùn,3,名,,
2740,2,6,品质,品質,pǐnzhì,3,名,,
2741,2,6,前提,前提,qiántí,3,名,,
2742,2,6,情报,情報、諜報,qíngbào,3,名,,
2743,2,6,区域,区域,qūyù,3,名,,
2744,2,6,权威,権威(ある),quánwēi,3,名,,
2745,2,6,权益,権益,quányì,3,名,,
2746,2,6,群众,群衆,qúnzhòng,3,名,,
2747,2,6,人质,人質,rénzhì,3,名,,
2748,2,6,商标,商標,shāngbiāo,3,名,,
2749,2,6,时机,時機、タイミング,shíjī,3,名,,
2750,2,6,时事,時事,shíshì,3,名,,
2751,2,6,实质,実質,shízhì,3,名,,
2752,2,6,使命,使命、ミッション,shǐmìng,3,名,,
2753,2,6,世代,世代,shìdài,3,名,,
2754,2,6,事故,事故,shìgù,3,名,,
2755,2,6,事件,事件、イベント,shìjiàn,3,名,,
2756,2,6,势力,勢力,shìli,3,名,,
2757,2,6,事态,事態,shìtài,3,名,,
2758,2,6,事务,仕事、事務,shìwù,3,名,,
2759,2,6,事项,事項,shìxiàng,3,名,,
2760,2,6,视野,視野,shìyě,3,名,,
2761,2,6,事业,事業,shìyè,3,名,,
2762,2,6,收益,収益,shōuyì,3,名,,
2763,2,6,手法,手法、技巧,shǒufǎ,3,名,,
2764,2,6,书记,書記,shūji,3,名,,
2765,2,6,书面,書面,shūmiàn,3,名,,
2766,2,6,水利,水利、水利工事,shuǐlì,3,名,,
2767,2,6,司法,司法,sīfǎ,3,名,,
2768,2,6,条理,条理、ロジック,tiáolǐ,3,名,,
2769,2,6,条约,条約,tiáoyuē,3,名,,
2770,2,6,统计,統計(をとる)、集計する,tǒngjì,3,名,,
2771,2,6,图案,図案,túàn,3,名,,
2772,2,6,危机,危機,wēijī,3,名,,
2773,2,6,威力,威力,wēilì,3,名,,
2774,2,6,无知,無知,wúzhī,3,名,,
2775,2,6,误差,誤差,wùchā,3,名,,
2776,2,6,物资,物資,wùzī,3,名,,
2777,2,6,系列,系列,xìliè,3,名,,
2778,2,6,嫌疑,嫌疑,xiányí,3,名,,
2779,2,6,宪法,憲法,xiànfǎ,3,名,,
2780,2,6,现状,現状,xiànzhuàng,3,名,,
2781,2,6,相差,相違,xiāngchà,3,名,,
2782,2,6,乡镇,郷と鎮(中国の行政単位),xiāngzhèn,3,名,,
2783,2,6,消防,消防、消火,xiāofáng,3,名,,
2784,2,6,协会,協会,xiéhuì,3,名,,
2785,2,6,行政,行政、(会社の)事務,xíngzhèng,3,名,,
2786,2,6,性能,性能,xìngnéng,3,名,,
2787,2,6,严禁,厳禁(する),yánjìn,3,名,,
2788,2,6,遗产,遺産,yíchǎn,3,名,,
2789,2,6,疑惑,疑惑、納得いかない,yíhuò,3,名,,
2790,2,6,阴谋,陰謀,yīnmóu,3,名,,
2791,2,6,舆论,世論,yúlùn,3,名,,
2792,2,6,原告,原告,yuángào,3,名,,
2793,2,6,元首,元首,yuánshǒu,3,名,,
2794,2,6,灾难,災難,zāinàn,3,名,,
2795,2,6,摘要,摘要;要点をまとめる,zhāiyào,3,名,,
2796,2,6,债券,債券,zhàiquàn,3,名,,
2797,2,6,战略,戦略,zhànlüè,3,名,,
2798,2,6,战术,戦術,zhànshù,3,名,,
2799,2,6,战役,戦役,zhànyì,3,名,,
2800,2,6,障碍,障害;妨害する,zhàngài,3,名,,
2801,2,6,真相,真相,zhēnxiàng,3,名,,
2802,2,6,阵地,陣地,zhèndì,3,名,,
2803,2,6,阵容,陣容,zhènróng,3,名,,
2804,2,6,政权,政権,zhèngquán,3,名,,
2805,2,6,证书,証書,zhèngshū,3,名,,
2806,2,6,正义,正義,zhèngyì,3,名,,
2807,2,6,职能,職能,zhínéng,3,名,,
2808,2,6,职位,職位、地位,zhíwèi,3,名,,
2809,2,6,职务,職務,zhíwù,3,名,,
2810,2,6,指标,指標,zhǐbiāo,3,名,,
2811,2,6,治安,治安,zhìān,3,名,,
2812,2,6,中立,中立,zhōnglì,3,名,,
2813,2,6,种族,種族,zhǒngzú,3,名,,
2814,2,6,主流,主流,zhǔliú,3,名,,
2815,2,6,主权,主権,zhǔquán,3,名,,
2816,2,6,准则,準則、基準,zhǔnzé,3,名,,
2817,2,6,资本,資本,zīběn,3,名,,
2818,2,6,资产,資産、財産,zīchǎn,3,名,,
2819,2,6,总和,総和,zǒnghé,3,名,,
2820,2,6,共和国,共和国,gònghéguó,3,名,,
2821,2,6,国务院,国務院(中国政府)、国務省(アメリカ政府),GuóWùYuàn,5,名固,,
2822,2,6,领事馆,領事館,lǐngshìguǎn,3,名,,
2823,2,6,党,党、政党,dǎng,3,名,,
2824,2,6,案件,案件、(法律の)事件,ànjiàn,3,名,,
2825,2,6,案例,判例,ànlì,3,名,,
2826,2,6,弊病,弊害,bìbìng,3,名,,
2827,2,6,弊端,悪弊,bìduān,3,名,,
2828,2,6,财富,冨、財産,cáifù,3,名,,
2829,2,6,城堡,砦、城,chéngbǎo,3,名,,
2830,2,6,成效,成果、効果,chéngxiào,3,名,,
2831,2,6,次品,劣等品、粗悪品,cìpǐn,3,名,,
2832,2,6,典型,モデル;典型的な,diǎnxíng,3,名,,
2833,2,6,动静,物音;様子、動静,dòngjìng,3,名,,
2834,2,6,风光,風景、風物,fēngguāng,3,名,,
2835,2,6,福利,福利、福利厚生,fúlì,3,名,,
2836,2,6,附件,関連文書、添付ファイル、付属品,fùjiàn,3,名,,
2837,2,6,干旱,旱魃(かんばつ),gānhàn,3,名,,
2838,2,6,工夫,暇、(費やされる)時間,gōngfu,3,名,,
2839,2,6,化肥,化学肥料,huàféi,3,名,,
2840,2,6,机构,機構、メカニズム,jīgòu,3,名,,
2841,2,6,结局,結果、結局,jiéjú,3,名,,
2842,2,6,戒备,警戒、警備,jièbèi,3,名,,
2843,2,6,界限,限界、境界線,jièxiàn,3,名,,
2844,2,6,连锁,連鎖、チェーン,liánsuǒ,3,名,,
2845,2,6,轮廓,輪郭,lúnkuò,3,名,,
2846,2,6,模式,モデル、モード,móshì,3,名,,
2847,2,6,上级,上司、上級機関,shàngjí,3,名,,
2848,2,6,事迹,事績,shìjì,3,名,,
2849,2,6,司令,司令官,sīlìng,3,名,,
2850,2,6,条款,条項、約款,tiáokuǎn,3,名,,
2851,2,6,往事,過去の出来事,wǎngshì,3,名,,
2852,2,6,维修,維持と修繕、メンテナンス,wéixiū,3,名,,
2853,2,6,效益,効果と利益,xiàoyì,3,名,,
2854,2,6,心得,収穫(仕事や学習の)、会得,xīndé,3,名,,
2855,2,6,须知,注意事項、周知事項,xūzhī,3,名,,
2856,2,6,畜牧,牧畜,xùmù,3,名,,
2857,2,6,踪迹,跡、痕跡,zōngjì,3,名,,
2858,2,6,百分点,パーセント,bǎifēndiǎn,3,名,,
2859,2,6,殖民地,植民地,zhímíndì,3,名,,
2860,2,6,奥秘,神秘,àomì,3,名,,
2861,2,6,报社,新聞社,bàoshè,3,名,,
2862,2,6,本钱,資本金、元手,běnqián,3,名,,
2863,2,6,边界,境界、辺境,biānjiè,3,名,,
2864,2,6,变故,思わぬ出来事、突然の事故,biàngù,3,名,,
2865,2,6,布局,分布、配置,bùjú,3,名,,
2866,2,6,差距,ギャップ、隔たり,chājù,3,名,,
2867,2,6,钞票,紙幣,chāopiào,3,名,,
2868,2,6,成本,コスト、原価,chéngběn,3,名,,
2869,2,6,出路,活路、出口,chūlù,3,名,,
2870,2,6,出息,前途、見込み,chūxi,3,名,,
2871,2,6,处境,境遇、(よくない)立場,chǔjìng,3,名,,
2872,2,6,传单,宣伝ビラ、チラシ,chuándān,3,名,,
2873,2,6,次序,手順、順序,cìxù,3,名,,
2874,2,6,档案,ファイル、記録、プロフィール,dàngàn,3,名,,
2875,2,6,档次,ランク、クラス,dàngcì,3,名,,
2876,2,6,导弹,ミサイル,dǎodàn,3,名,,
2877,2,6,地步,情況、立場,dìbù,3,名,,
2878,2,6,分寸,程合い、ちょうどよい塩梅,fēncun,3,名,,
2879,2,6,风气,風習、ムード,fēngqì,3,名,,
2880,2,6,丰收,豊作,fēngshōu,3,名,,
2881,2,6,幅度,幅(物事の),fúdù,3,名,,
2882,2,6,岗位,持ち場、ポスト,gǎngwèi,3,名,,
2883,2,6,隔阂,隔たり、わだかまり,géhé,3,名,,
2884,2,6,公关,広報、PR,gōngguān,3,名,,
2885,2,6,功效,効能、効果,gōngxiào,3,名,,
2886,2,6,共计,累計,gòngjì,3,名,,
2887,2,6,股东,株主,gǔdōng,3,名,,
2888,2,6,股份,株式,gǔfèn,3,名,,
2889,2,6,官方,政府筋;公式の,guānfāng,3,名,,
2890,2,6,规章,規則、規定49,guīzhāng,3,名,,
2891,2,6,迹象,形跡、兆し,jìxiàng,3,名,,
2892,2,6,剪彩,テープカット,jiǎncǎi,3,名,,
2893,2,6,局势,形勢、情勢,júshì,3,名,,
2894,2,6,客户,顧客,kèhù,3,名,,
2895,2,6,雷达,レーダー,léidá,3,名,,
2896,2,6,利率,利率,lìlǜ,3,名,,
2897,2,6,名次,順位、席次,míngcì,3,名,,
2898,2,6,名额,定員、定数,míngé,3,名,,
2899,2,6,内涵,内包、内実、教養,nèihán,3,名,,
2900,2,6,排放,排出,páifàng,3,名,,
2901,2,6,派别,分派、学派、グループ,pàibié,3,名,,
2902,2,6,片段,一段落、一区切り,piànduàn,3,名,,
2903,2,6,屏障,障壁,píngzhàng,3,名,,
2904,2,6,启事,お知らせ、告示,qǐshì,3,名,,
2905,2,6,情节,いきさつ、情況,qíngjié,3,名,,
2906,2,6,情理,道理、良識,qínglǐ,3,名,,
2907,2,6,情形,事情、様子、状態,qíngxíng,3,名,,
2908,2,6,圈套,罠、計略,quāntào,3,名,,
2909,2,6,全局,全体の局面、大局,quánjú,3,名,,
2910,2,6,热门,人気商品、人気部門,rèmén,3,名,,
2911,2,6,社区,コミュニティ、地域社会,shèqū,3,名,,
2912,2,6,神态,顔色、表情と態度,shéntài,3,名,,
2913,2,6,省会,省都,shěnghuì,3,名,,
2914,2,6,数额,額(数字の)、一定の数字,shùé,3,名,,
2915,2,6,数目,数、額,shùmù,3,名,,
2916,2,6,途径,道程、ルート,tújìng,3,名,,
2917,2,6,网络,ネットワーク,wǎngluò,3,名,,
2918,2,6,下属,部下、配下(の),xiàshǔ,3,名,,
2919,2,6,薪水,給料、サラリー,xīnshuǐ,3,名,,
2920,2,6,凶手,凶悪犯人、下手人,xiōngshǒu,3,名,,
2921,2,6,需求,需要、ニーズ,xūqiú,3,名,,
2922,2,6,押金,保証金、デポジット,yājīn,3,名,,
2923,2,6,样品,サンプル、試供品,yàngpǐn,3,名,,
2924,2,6,隐患,隠れた危険,yǐnhuàn,3,名,,
2925,2,6,隐私,プライバシー,yǐnsī,3,名,,
2926,2,6,盈利,利潤,yínglì,3,名,,
2927,2,6,用户,ユーザー、顧客,yònghù,3,名,,
2928,2,6,章程,規約、規定,zhāngchéng,3,名,,
2929,2,6,周折,紆余曲折(する)、手間(がかかる),zhōuzhé,3,名,,
2930,2,6,专利,特許、パテント,zhuānlì,3,名,,
2931,2,6,子弹,銃弾、弾,zǐdàn,3,名,,
2932,2,6,作息,仕事と休み,zuòxī,3,名,,
2933,2,6,互联网,インターネット,hùliánwǎng,3,名,,
2934,2,6,伴侣,伴侶,bànlǚ,3,名,,
2935,2,6,保姆,保母さん、お手伝いさん,bǎomǔ,3,名,,
2936,2,6,抱负,抱負,bàofù,3,名,,
2937,2,6,伯母,おば(父の兄の妻),bómǔ,3,名,,
2938,2,6,才干,才幹、才能,cáigàn,3,名,,
2939,2,6,称号,称号、呼び名,chēnghào,3,名,,
2940,2,6,成员,メンバー、構成員,chéngyuán,3,名,,
2941,2,6,出身,出身、身元,chūshēn,3,名,,
2942,2,6,动机,動機,dòngjī,3,名,,
2943,2,6,反感,反感(を持つ),fǎngǎn,3,名,,
2944,2,6,夫妇,夫婦,fūfù,3,名,,
2945,2,6,夫人,夫人,fūren,3,名,,
2946,2,6,功劳,功労,gōngláo,3,名,,
2947,2,6,贵族,貴族,guìzú,3,名,,
2948,2,6,后代,後代、子孫,hòudài,3,名,,
2949,2,6,华侨,華僑,huáqiáo,3,名,,